id,rms_mean,rms_std,zcr_mean,zcr_std,spectral_centroid_mean,spectral_centroid_std,spectral_bandwidth_mean,spectral_bandwidth_std,spectral_rolloff_mean,spectral_rolloff_std,tempo,chroma_mean,chroma_std,mfcc_0_mean,mfcc_0_std,mfcc_1_mean,mfcc_1_std,mfcc_2_mean,mfcc_2_std,mfcc_3_mean,mfcc_3_std,mfcc_4_mean,mfcc_4_std,mfcc_5_mean,mfcc_5_std,mfcc_6_mean,mfcc_6_std,mfcc_7_mean,mfcc_7_std,mfcc_8_mean,mfcc_8_std,mfcc_9_mean,mfcc_9_std,mfcc_10_mean,mfcc_10_std,mfcc_11_mean,mfcc_11_std,mfcc_12_mean,mfcc_12_std
vid001,0.21831044554710388,0.13111570477485657,0.031151665581597224,0.016677210028750864,621.4330549437108,285.9715036815991,827.8367667017072,363.93528254932556,1059.5631917317708,526.0192286933511,92.28515625,0.30406448245048523,0.31059205532073975,-213.3284912109375,47.54440689086914,175.2735595703125,14.717524528503418,23.408037185668945,32.84291076660156,11.903302192687988,12.003790855407715,14.69776725769043,9.69582748413086,4.845757961273193,9.09302806854248,-2.0196988582611084,7.37025785446167,0.5718445777893066,7.672922134399414,2.4698431491851807,8.7650785446167,3.7648727893829346,7.684579372406006,6.385300159454346,8.23423957824707,9.846570014953613,7.7637834548950195,5.399872303009033,8.345338821411133
vid002,130.1525082257518,4.251627857443793,392.905591329432,1.3783531329545384,358.0185406733592,9.007065498098846,229.68320293863354,2.1301594133135064,414.75316062585273,9.740404639585458,0.759427806560251,345.8638070073816,5.501752700077102,216.75635203557457,2.0897869530145563,348.1935925276593,9.607597010517805,117.73865368186796,3.681448654103883,94.6948470002785,7.8020795812475825,483.2447359101099,9.142456024842256,422.0119248042041,7.1687440434141365,456.90654911788295,3.1391988356768206,261.55982439382126,9.911679262067677,213.80804462921782,5.109567954696804,274.7069086357939,9.446541504694853,189.8435907570036,2.8938666824269137,405.35882512706326,1.460649648989046,164.33279192497287,8.288697701887177
vid003,206.26310108984828,7.420104880965517,489.43696687616574,9.418023680926462,91.84327109671221,3.732435255060007,377.80090003313114,4.595738359931141,314.0550637732552,4.303388000824748,0.6006705182955969,148.7187463017884,7.469450304272717,351.9340058424227,4.179390140620457,297.64854305750123,6.560634690502993,256.81986324173903,6.2383818891149465,463.78493089556935,4.673391874703977,154.50200486750146,5.851693059609252,420.1779581400885,1.5347448223450053,153.95933222763801,6.332316408908987,356.8211429888992,9.863979054338078,208.8477508919247,4.458206546424099,380.5351237216115,2.166144657655275,484.41336395154036,1.9408257744240003,247.57980895279758,8.672818687222271,179.93118157362846,2.975846860014348
vid004,79.51542494403583,4.7009105785595775,336.75090659995664,7.21819209306785,303.2932658917432,2.2966196148396705,328.2263098162577,5.997947920822765,56.14183945358426,8.995993091473295,0.38220233719340657,332.4012132417413,6.885363657116802,446.3490828972353,4.271943758669885,406.6171687577333,7.59167222570786,325.0280336405031,7.2314025693463435,246.60867309918544,6.347818921240947,234.66797088521417,4.756438490836148,487.69677732798203,5.884190969009869,137.20794682418187,6.156030043993153,376.46593991367166,6.800253269435032,161.07467929669667,5.660985567651141,465.88549562368524,6.303210951173688,385.3616330470155,6.169045602206488,204.70793066918225,2.590841069743102,330.56980735956245,3.1402532014387816
vid005,426.5371334790292,9.06550926019482,378.21054519216636,9.724086021089395,429.72399002177605,6.697774718381469,407.2503028434432,1.6531742661878635,213.71379242808783,5.643952190772958,0.8598885475908957,408.6861803520907,5.485634400407815,165.51779702983902,5.590917869657635,164.73079752430291,4.096152317866283,425.1311382482371,8.679847261226683,155.57788685550454,4.822121033493318,430.38947834353183,6.465782684522545,453.8534594720457,9.935201820505759,493.214677642179,7.958452623021193,83.58252980212251,4.367643984752691,101.89945505272922,8.50474822793638,75.09521385894314,2.829263352815367,233.93254524051028,4.1138705323192895,75.87483905055802,2.493699123504678,113.52342378799888,2.0951537542453877
vid006,257.2676703118505,2.6548150711221847,423.18931864157366,9.917172906002374,203.6014277231247,6.68688042917883,125.5934946000442,6.4770917849797165,481.00121641664435,3.49125570691764,0.7736383944001433,417.28612603055035,8.824709229095783,205.22070443449397,9.348692218267214,195.6177869820615,5.892399552679009,263.3776065053971,3.2522383120487968,464.5675571935679,2.1492631740101786,167.75415025829915,3.9158003011184186,490.3659275541708,6.262980986500125,304.89020637553574,8.33707812090466,138.47740365932097,7.316736484069174,269.85626465595794,6.034099130065547,417.90647676165827,6.549607400043271,218.77482409215892,1.8929386965376684,95.38260740243089,4.860124823982591,174.6508413470712,7.294476255844131
vid007,0.20571553707122803,0.12412583827972412,0.07867183722195357,0.06370899706049626,2225.5039041123296,975.806638886662,2573.9055793119883,486.12650629598363,4995.97385192517,2018.7504225826583,99.38401442307692,0.4546884596347809,0.3009296655654907,-98.74260711669922,61.29326248168945,87.20882415771484,29.335620880126953,8.816305160522461,17.35057258605957,26.514976501464844,13.202804565429688,8.866459846496582,10.353999137878418,15.42159652709961,10.35464859008789,1.171958327293396,9.193805694580078,5.602703094482422,9.246495246887207,1.2278523445129395,8.368128776550293,2.7008931636810303,7.634623050689697,-0.7666616439819336,6.7212748527526855,5.7095208168029785,6.461933612823486,-3.704495668411255,6.641558647155762
vid008,83.71054182464752,2.7575663759399025,391.1425727559248,6.5549636411788965,438.83043322157744,8.325616761449059,138.1692941307858,8.094922755918653,254.1017220071786,4.410038974018599,0.1171442465796841,464.6829367797075,1.1915160816399033,130.0028790112184,2.2082936109983127,151.07205961404802,9.90068648641077,420.062509408197,9.255832349735424,103.03255135878258,6.949542890219479,372.648332219562,2.060954200869806,489.5299043660338,2.821300995818213,409.8771976345895,2.0064838812035273,208.74444294037383,3.0977761148278757,144.89132316940896,6.296797024648065,384.98224383926856,1.5566403712475303,342.1390190183747,8.848738268410806,422.60268368901,6.298218231105349,307.7365574796503,9.113687513867632
vid009,134.61145761344363,2.1808141855455,374.15189196243796,7.374806943975412,212.71439198037433,2.160877441281974,441.5307252185145,8.679844258940403,385.32408182893994,6.846115337389738,0.8082935485085131,293.1226022470005,7.878315415973088,468.28771214649777,7.646410556093286,59.262912504799,7.139316734364187,448.1615129455159,9.428388752999751,246.4271276464536,9.715132241823257,199.4908817626123,1.857929042255864,354.92388409672265,1.8635296304536542,56.01208803078193,8.009074835001545,293.7305295046466,6.1762566008022075,129.52527165058467,1.7500269649375921,442.66238107095813,7.915753115718001,438.8099216510853,3.8226578215609086,432.5233341332598,6.840786246630553,453.276620639797,6.828000100884946
vid010,390.59432914217774,5.18369732214465,384.12254660520506,9.578327175531927,339.9179028927147,4.488449696607448,433.7213623970124,8.835902710426481,92.03356749982987,4.493004004443609,0.3079876756698928,166.8487082447708,8.46995786705326,69.25254764596855,9.094195425880358,281.26295611580076,1.5714466316202707,429.09788081240896,7.131427405002598,297.8691551604461,2.4227314533721875,174.543788389662,3.9861919180079664,277.77096681300446,8.167033170237431,277.30884477737675,6.766880783643675,474.06601568196623,6.159904631955824,91.44317514198893,9.668861545163576,365.2994440960931,3.9644567615733823,299.37670539190924,2.2147742799565666,216.38188594268928,6.071402624445794,421.112699293919,1.8633154673814378
vid011,177.42882336109267,4.068452105678725,131.57450933533605,2.2673456856292558,298.103747822394,6.553041235486644,224.99800027456425,8.403688596328584,222.19939496399599,1.3993210144929127,0.4565379603354577,392.344614131655,9.30849852521216,214.0709836120962,6.246809641888569,274.34390535791135,5.018105948077183,459.688763044192,1.3599894761343374,141.3175168902181,1.2043407562713222,330.9859785986992,1.0156049458602086,170.97071941985263,7.007179740555532,310.25843158325665,9.312839522142555,448.2942140886865,2.396417846121855,499.80493983744935,1.0471970544085307,78.6273200707333,8.362793792999632,419.6062433697876,3.500312131692218,385.2290477010612,8.545864707251592,290.76781536061094,7.771111397829874
vid012,87.52579876525552,4.885039760829893,251.67576754515935,2.2950399768390275,217.72385345019558,7.354684231646744,184.06198455543708,8.979292994604922,318.91142824874606,8.857091035516586,0.6303861122950598,491.782707449976,2.413587440594136,336.0032920303259,1.0582461681685609,166.92594989475202,7.576899305802717,65.984472962014,6.869055709457357,339.33956166531146,9.771408613023375,356.0992779556081,2.6360149542404234,91.37583008743951,8.450870082438215,194.9900140044423,4.311657125416983,323.3411332425303,4.6923388607837815,497.40012205902104,1.8873058058673595,140.48035528116998,1.961983376700989,220.59395410199673,9.63573738394362,112.3195722483469,9.465814572864202,153.18165770951336,6.070158399579274
vid013,197.21941172795485,9.041660098385572,248.4122736416114,8.890517044807503,263.9798592216482,5.286465511443248,450.34311659297936,6.628853119424239,415.3421545076572,1.696575522111621,0.6646087364538408,122.25076218640359,9.85578608266382,201.3195706730331,5.882192723924741,235.38982337264122,7.013537991842633,471.99543655416244,2.9455142627440334,353.2258123438973,3.7727925016396373,228.06307785653587,2.8131774669994716,279.1441871766059,7.720841404986407,258.89510985521815,8.370924808209741,377.5449658564076,4.941538228005683,75.84523493552854,3.0511913025325583,303.2316836022584,7.993230097484881,68.70331096810214,8.771828165977752,124.78290170950791,7.050024541554569,320.05090383045984,6.514105829545126
vid014,249.92742306208757,9.525746716174856,266.41333989528687,8.024797153812322,148.2301860051394,4.641725987367039,182.29625955856648,9.77835171253997,423.55798683227897,1.8268981472230057,0.6071421922683699,346.05464638947143,7.618723222597076,326.3377163106835,7.104897874585245,80.31301025545598,1.3565940116994417,266.90173969587283,3.384099538681089,403.06630980325673,8.3974042284187,176.68706782705965,9.319148277257606,494.430594172024,6.4316143906050405,452.37005884930807,8.161093916545557,198.7423396325581,7.733065341224937,203.61493919141455,3.5078925447036995,480.30359981065675,4.158617117418752,442.1228414284515,7.567267897806365,249.56750131461388,5.5944721667374395,253.97502065188235,8.74090011220946
vid015,294.43062545493126,1.044273124503997,103.5211502926234,2.881272200965768,78.82522742477686,6.213153654025222,424.7649168567887,1.3096287367489683,241.75131070885703,2.551060336238858,0.7765186428598434,340.323468483987,9.645916685125378,324.3971045720485,1.8498436375295315,396.97316025313114,6.6410502862052745,68.55685991715404,3.2349695822617903,126.02755303272419,7.723323480070363,103.78327788379315,4.184645281579735,190.0281797380896,4.766680272906771,350.9567265275804,1.959001170970779,399.4866045080606,2.6497204238873526,250.77711619333894,2.5638131223298886,396.56557696407714,9.863364313907477,415.4509508415411,5.029977800690897,202.83962007749813,6.4824348831774135,377.78431598606323,2.7997548173495352
vid016,190.9413827121292,1.8113216565391053,351.5384126966203,8.26793132345907,311.4961690774874,9.41026716835659,84.84260546787303,9.102426002600682,480.58338496774013,7.780445222551616,0.1296003308183921,132.49469547852334,4.40605360685519,344.99480762765563,9.148996700117653,445.09274772383293,6.951778546728336,269.4494088718012,4.522461165504509,374.06370740773446,8.43720160425843,308.1664582012669,1.4898937867302373,428.75184699665203,6.130886852548494,95.0735896502506,3.9873863487959125,162.26185313941818,6.229015895355847,89.83776023855555,2.610417189343865,138.73522565110272,5.113843680233962,227.54912724882448,9.204525243892927,93.47818839429557,2.939313020243706,214.64628676125324,8.72915533900099
vid017,375.5910165397857,9.660048923011548,58.70765136320686,5.022809237499836,491.39581181510874,2.2850410925844953,292.976878240642,8.639667819439449,324.3239198378263,7.594536003519816,0.5808907107299365,239.67732092520927,4.971092090460966,215.097887884261,8.890863218035003,51.13791681660948,4.823670972817237,138.54830453766078,6.233343457018447,264.05205655471775,7.005854709374566,427.34858780026696,5.770935065522792,244.00524806252065,8.318214994212198,416.47041337115377,9.425653365437594,427.4163304810724,8.799853492267045,325.3062981668525,7.43252350632125,335.81134069332705,4.801270747127432,91.40166352330294,3.641531513895528,116.76563102449809,9.656018387106908,178.85408960062384,6.003049413100295
vid018,258.2858710283034,1.0579625796800436,185.57347665784522,9.373567866528989,137.51677270969287,7.050349232598595,246.67587071641086,7.930705543313602,339.2658301086251,1.5094317438959117,0.8269730828030827,407.6374461405383,1.7047468023612329,117.8431769034385,8.2373724039446,393.8437191648911,9.583637610340409,109.26489582692196,6.21008341948658,233.32428396220976,1.3253113720951033,299.30383543555195,4.334124695139331,412.1962176722692,6.075252816942732,122.84055371139556,7.725050832780534,384.94210390338776,5.540535452240614,105.24724991110284,7.0123736843558815,346.2552669783681,2.301149297557458,498.0772395580832,5.099670839360684,436.0425855581808,6.004354229673296,182.1701371179046,2.8531971940431866
vid019,108.14070531504535,6.6071239101090855,352.2334670146963,6.362766120934511,147.08785540191545,2.7625746462782974,250.85188706729653,5.6465471023759655,227.24545940876692,6.891828505072768,0.16647230971531135,366.10960568730286,5.4210254871775865,209.64938326695162,7.518877828254271,477.0259784596422,1.2784880481126892,184.49757880033502,7.392969391435804,395.4404037110967,7.716405722891215,82.34147600678952,7.70486500283616,436.7526147951992,7.659810748047358,380.06476677773344,6.932389299852694,139.61021674068292,7.659212766221214,244.92457142307592,9.706977079903757,249.2243331481075,6.706805197805802,243.6033806362185,2.0752311622653608,55.66821203626401,2.000813900024769,383.1894498438594,3.916850174894616
vid020,213.91612802159628,3.370922182924709,119.16757963754081,9.716272229853098,260.66342301744214,7.740290069838487,190.51459360605412,2.224874529296142,271.543141640566,5.789169732190515,0.6247360060021794,438.0356726094805,7.339535764224306,206.66342013595388,7.232182068133548,345.4066114127911,9.266992260054964,117.97459358418322,7.026390761333849,383.1731819362152,7.102441695314649,417.553445727923,1.5491609333412408,269.6068340097204,6.4381697276184875,163.2184124144748,2.6055784397837245,366.0550645728767,5.442763774074431,184.96965327670085,9.364857386680185,133.04156369228104,8.312167590541144,496.3947187214069,9.580436844115244,187.87981893525256,1.782261316928629,68.71809704469275,4.1778523073997755
vid021,124.40082084638951,3.4035155581350525,452.9481392128964,3.0956048648747347,356.3285248486047,7.777091328453251,252.47069860100135,5.706084664728111,300.74741072277357,7.3939451379027314,0.5200203898235863,263.2387090699501,8.833263614229542,489.6406523514493,7.68742953501126,293.5538658141421,3.1236763352474046,293.1886434892452,7.893958335349902,447.1808709192088,3.870021321689543,436.66377011631295,3.2171910005179614,260.81708580945053,1.6713411321497924,259.4881897176782,2.815019399271426,315.6135966733992,7.638707114272728,405.63515181560996,8.767179900024663,436.79714805487316,1.3257786966747103,271.711863845135,6.218815795888096,78.34156375146053,8.86453311528778,484.7553882694258,2.317962876684185
vid022,91.77326160790662,8.808020174908311,162.2712425043146,8.833932479043982,162.1829266978457,5.004206474513767,72.28239390188295,5.407124940797057,138.77223981636234,2.293428029238563,0.10084513775294424,176.41905589410828,2.0238997767052602,439.55472404506975,5.462634304501497,261.64693692846004,8.404773853064238,156.0024917440852,1.0539200793622494,212.51569728651126,3.1703249417726287,256.02984338814736,5.0192196324734955,108.53911615485555,5.508795665157554,58.23055839800904,1.5575597388682654,133.61078212545183,4.4640561929380524,278.31468844087635,4.789045932767402,206.73788775834586,3.929917848762159,422.33959963042406,7.183732373846915,431.2993391087052,9.62453051097838,269.91417601718723,8.607026126077262
vid023,367.14535302980113,7.707348051793354,161.68043857521081,5.808645987093438,499.4887301176464,8.370920651523011,249.63479433126705,1.534991881265515,307.76639974115017,3.1494490173481626,0.6929873896414236,477.7920006795331,3.1537661358894864,247.09448793686315,4.622047465766138,132.0455948599651,8.86667668578254,76.72937915055135,8.806978815077276,430.0212722984964,5.62173777492229,205.93492674932037,7.301624110140394,448.3080866724056,1.0469286822992931,297.26635403966867,2.756179266524103,389.71556087025016,4.320209820720001,223.29242684376152,6.143880400968246,325.1430206627493,2.3770176934637113,133.61138471448191,1.5824862163303475,201.8632366441076,4.7343801692940435,398.9047510493215,7.470295145808464
vid024,488.8801978270787,2.5892566471012115,156.11997170423084,5.8397933202619745,461.9825914210652,1.8965796316846921,348.88615885309633,6.44053235530859,462.11638655703246,9.109098545544503,0.20482700830777292,287.9420563125004,9.84574479899727,172.8298681806923,4.318121426624591,498.25434947778865,2.37016786494354,482.20795064169926,3.2727239003206994,351.2078658518808,7.512348739143569,485.05938868250485,2.0763710137458986,53.57219990742384,7.410133234847596,256.3632324159631,8.809982726980047,252.82562569886068,4.414011537235291,409.8834029564987,8.918126288653555,231.4520149848539,2.0045617391343447,216.009123857281,3.1853325089247218,106.83421666724757,4.714108483023586,129.1579368697707,9.010172281461513
vid025,462.53395058237953,8.949783200322734,360.6972317271974,4.202952711691399,497.5613082799898,2.0899149688309797,135.76377174215224,3.8528948179305833,222.6010336802467,9.123612187002177,0.5706610160716651,90.12269137911682,1.0087543892881174,397.8761265214635,1.5862271486335486,170.16771285122252,1.8364171059094307,468.0412611026685,9.8589414688127,164.0109236159646,9.3385570576529,198.05992457258034,2.67314970233811,436.2402145039722,8.407634465961173,472.28413167208186,5.940357473824353,346.5650859367552,3.078011376498147,80.18563742640072,2.2215334172970005,256.7041193111298,5.705550684645056,128.90552221819158,3.84602727446429,135.4517895487885,6.139284662730497,117.62222567597597,5.556498654890672
vid026,336.3847775143025,4.232874186259757,73.80266251125371,7.122749442233704,466.2604510424005,1.7993871194712185,115.06195395342738,5.925779503703858,287.31272548324694,6.445774001236198,0.2621646164272911,280.00651151445885,7.442140425483523,176.6480313954699,7.082664827768138,228.2240046313577,5.8972912164021745,497.69614874653064,6.584954651630333,414.725528384093,5.850984743778765,59.531447851942374,5.5467218806145455,400.18696725343085,1.2552027958976977,385.81991407010844,9.40395646302235,366.9574359527452,2.8080884110630286,387.8473816249978,1.1774271370483484,326.20139653301027,2.4530993114548814,295.5570909567099,7.72073032004096,211.46658667459994,9.259155809081063,451.0165920524298,8.795262341116768
vid027,397.31786393603795,4.986947267776484,435.5713810688398,5.313441522298386,397.7833639801361,2.7570386790949124,410.94756365303186,5.133126058841385,332.9508467654562,8.184187679850577,0.3826771773062997,315.2321143881704,7.724980737137561,438.69543292450373,6.87496279914896,352.6580991984734,3.62535294531012,417.1407632835315,1.582748516874912,337.46442366579333,3.9736723445818374,491.3769551757839,3.9977676983498642,281.88747242560635,7.775718108244259,178.23405646164048,5.695312758721552,303.1442109145893,9.927502525479607,279.70958456377514,4.098382191537411,212.8861045407953,5.0038684997757095,318.5051991706193,3.9481749546182523,83.87633451755457,8.311255810826697,101.53298567999809,6.490206051185559
vid028,367.0253666325162,2.4253687522317735,178.34384667319696,6.181663223702118,441.3787208993414,3.3654007999421323,483.67346797721603,4.898996888864328,157.262017369185,5.397631006948874,0.3515746431444636,294.8066241008589,2.9378281817587277,276.37133766162424,9.899341321598822,462.3170350691864,2.7147622333303385,268.4905385167971,1.2367433456298134,475.9515304380417,9.30747303664517,179.28961048978275,4.9199193605145535,85.14475472653689,1.0866760393811534,303.995829742145,8.0465466922318,355.3642438911775,3.9330104712186853,235.0168152973404,3.908880583370084,161.00654106655426,7.7378181832601225,93.61901955336671,7.750754368234308,202.35533848802322,8.508119526774934,271.41725014930785,3.2835981266523473
vid029,234.21333017409566,9.762706734444278,430.77283407712645,2.1073834684755863,383.90500032893453,5.464072463188422,484.4870846515274,6.099255009592336,131.18806203674274,3.5784459223469973,0.8029339516630398,376.7714927608401,6.40355362514648,443.1228593848773,7.149881680649845,379.51830455195994,6.295575923155031,161.08282836738675,1.9259354763451912,427.87379447010034,6.149391146543955,199.56031106094218,6.272217460922971,87.85372424381575,2.9087839079951605,273.861132925378,3.9167423752568395,459.56957446526485,6.043101549803072,276.29812930796294,1.9853017548851912,462.7376668052114,5.8829413132020765,160.2130152916867,8.626452827852335,190.14334150145666,5.828161881959446,201.0976057108546,8.776368714462937
vid030,203.65745690432087,8.721707587956448,95.81887075808334,1.3569547946046807,152.9777591838287,8.100835599804622,481.9499810771794,1.1621615374950824,135.65152340155657,6.871737478689316,0.42216120861813633,371.19263803456147,6.553300353834592,449.8956675991449,7.09037148604301,473.216962266611,3.0972029099665956,140.0458191415706,8.994913584082,456.2436959850038,5.406631712857073,53.13194498261748,9.61124864784145,278.21828881649407,4.105256526547102,230.44357294686458,1.4462237746917608,180.20990953098024,6.206565420815213,72.056638898777,5.459111833546473,271.8029438161483,9.53810506427403,182.3009848324197,2.321238905895236,395.19329681706694,6.12647752572079,239.06254241277566,3.8122123816336995
vid031,466.3067857699718,8.207766745234851,484.28664323244965,4.763619291136944,398.1753421174195,3.868794623874945,65.12313020132892,7.496436614543888,173.1130282467994,9.268504751941293,0.6140186402062042,419.79623619580894,7.663428179820376,380.07237923436475,4.278996440598169,265.1672040168561,4.051590935444921,72.19064359463617,7.064316485766494,158.47702249416528,7.266607308512901,91.1123146970679,8.749981262438595,62.1775974787061,5.854769980734861,99.05026030153083,4.322481447269029,73.22240966636419,7.09057461581128,358.3654429295376,2.9504734654133684,334.16282926524195,1.3187194613278088,475.0881650951582,9.263438448935124,161.4460227987456,2.7372422082485612,468.52949298799643,3.678782756679359
vid032,371.68522998829616,3.9466642241724306,216.57893438524508,7.626018372962661,204.13259593409617,1.980881233928891,79.24935509328989,3.072742178022512,340.34646025939816,8.477575200700556,0.2824590773358979,378.52642845284396,6.176331742108445,158.8073708298066,5.569940606375598,224.3220737048749,1.7528339620570574,321.6783807396792,9.220391263826375,301.6584052219529,5.79591142151846,63.6320766159691,4.811059233941532,352.06826248838604,6.4247321269690225,405.4944031938207,5.204247664761209,404.5007134656465,5.214512535309246,194.66250630628122,4.093852667747496,356.40586971036606,7.8876166360077296,195.6338999669544,4.516672603610013,81.1168875816377,4.697917240505156,440.1162617109212,6.520579954620477
vid033,389.94316863419556,2.011307528655312,352.59189247107327,4.855105291140305,159.9442599865402,5.6656005468560915,187.04102520646452,6.671681024335036,353.55355579852085,6.087755650291456,0.583801450509006,94.81920163635657,6.287831700221139,117.92781667352766,3.547197818507059,88.83511152953758,9.861419534679094,159.23438342412254,1.5542267978862616,313.5807929198555,8.605873350821355,215.66758590883848,7.427714835402447,161.94467081357254,5.024911185600958,241.24762024160387,9.26552639826397,146.80716032550708,2.2937863972830757,194.72674293207604,2.0782796862403994,202.50745540325056,9.271509295633937,243.89582034112453,8.856364937824864,459.37624909531115,7.474107251064021,356.21245113311727,7.071474656537838
vid034,266.87858816614374,7.470301576413168,223.06983137330076,6.316520470763359,83.715378507063,5.664554734957889,251.3415913044286,3.9136314085513026,83.25329077774836,3.5292781816233187,0.2770702029719961,345.3221521887565,3.020900964533327,339.15213858938694,7.941298967053555,206.31818516901052,3.3522148505654346,302.95983850579273,2.301959557704361,184.32247566130567,9.725617212704956,300.0222953115471,7.396632873116037,109.50071407576498,9.345017159040559,254.79713006960304,2.9628774075944735,205.52014089390045,4.2463911581283735,359.6932280757609,3.990945405159457,129.9052875416317,1.2645907290957115,185.69686261808695,5.207227990624501,155.2137668873007,2.445180627287195,207.14108250933361,4.0012892018883885
vid035,432.654272173507,1.0232619409873602,458.17304841013555,7.249336343596131,392.8004469595729,6.237555025541512,309.23906273846546,4.564844911625024,195.84907797469302,4.180820889084581,0.3526457691918149,303.45763289994403,4.098642196958554,498.36682389395537,4.137323675951593,360.43384436583096,2.214912169133836,432.82496143425084,5.211908521862457,231.54276736372128,4.996155365036536,406.66364541105565,1.9804636026072349,222.1243975887205,8.507375585349076,383.00921789008106,2.486552826121917,226.09501975933114,6.163266369230178,491.6612868006141,5.184199354973561,216.34360207892718,8.48192618211311,111.71467623352845,7.12850292113081,432.118642649898,8.94013864899878,345.86397832576074,3.0626361631015735
vid036,354.83141460339317,7.3866008883552094,490.38724630075694,8.919912755776107,447.98915920611176,6.7143407027958055,105.14277357582134,6.963663043813413,415.1464353572093,1.7694233888579078,0.1730367242441985,332.5540293717727,1.9729874600631125,252.09387980364843,4.713957574573395,416.3492143137011,5.6324024197785185,349.1015746048212,1.5153396540597233,73.8171643797626,7.181421992612393,411.54605068454714,7.1829596116574415,57.12005632904151,2.808431397955585,236.06324537286008,9.380295995913237,189.47596667009364,2.5140263136149534,230.90662857414213,7.075537445752724,482.24115365398825,4.598476431283807,471.15688179085356,2.8996320915583222,183.6092784675076,3.9176752762288656,288.39493356302876,9.719479719779224
vid037,210.2635278001822,7.057677721668057,208.0503452773115,8.481263285914517,118.07306141723002,9.388836913530328,382.7483961326573,8.072672087050607,453.2531779318651,7.65606387398322,0.8527020991477195,274.2406497356276,8.124072838649635,54.74964065887374,3.9415167422882034,315.8587858589233,9.277159563989217,413.826674417353,2.4142654550397293,194.79732465290925,7.538254120302852,172.07234809192585,9.832177509223996,169.68785606031122,2.7922798088234875,287.0234574435047,6.973752244209588,142.38840595927488,6.690832955468299,179.75249095140734,5.464669796982071,225.82496879691797,5.347446948182644,87.48911947562578,2.424544397531575,247.82599712584243,8.274047851325985,274.3089759023276,9.96335119777743
vid038,211.20299334261793,3.935014560357694,496.32434913140736,9.41797723830999,458.6300718185971,2.4071879855190232,145.90971324124538,4.267778757386944,75.10805484300775,1.9653040518802691,0.6527168015614876,70.33529644631068,2.95049402802102,307.1273690252617,5.179169918894884,219.58021660689272,4.245349043696514,105.66622533963412,6.385948308528065,173.31208180501903,3.9371058834990587,466.7028815558947,4.079880036424349,471.0806060353899,9.60729283542237,418.4868831422719,4.175708945402097,419.30608400062323,8.320390012757908,479.60407125878857,3.0188550813047645,285.7493104498251,1.8051678317308077,294.73459860483484,1.6003520956215684,209.06304717073485,3.2554294694031682,76.85479822567328,8.283389470613173
vid039,452.83359729179625,2.7665669879983064,402.0616951424002,5.303973824360667,332.84914665774954,5.683837746272886,436.0331325052565,8.764922156624772,233.24617160944504,7.87830393879916,0.34332650324946046,296.457148630513,8.343812021887741,134.5055873233426,6.905575159086639,216.16007410468626,1.2540571028769611,103.67606159832067,6.22344578041186,472.57306676079594,3.5683878533115556,248.76844993489314,8.006366419105095,360.911986643716,2.9727641297863014,139.08345517178657,2.40550225016035,54.618743699671676,4.2895654965302965,192.36918023685269,3.736555638036294,354.3552480474935,9.474668747214032,358.7924732708874,5.871038315346925,495.0583955650147,1.8859606928366017,360.24259545877504,7.212766174023267
vid040,418.38280081402615,5.4171417639328086,206.5258156271079,9.043397555768326,458.13757206757043,6.890895802763139,421.107550701553,8.925508479945638,476.790690285053,7.889103976425824,0.4837115610658421,229.24186665608963,3.4380033476981975,55.50217082978025,2.9272615984845296,108.09005831887634,4.229891843423147,128.17284222829568,9.088234059102914,223.89061252401885,4.945480015100478,314.63474436376276,6.970187105883376,182.2151732002667,9.373484427858697,347.8835210340456,9.253010679715686,105.5931148486431,9.1259050430833,382.96660942911774,6.656769588532619,241.2361796587304,6.6607728945552065,176.23952761676333,1.9627090212801568,395.6066805811619,1.1474964552691782,416.2906077447413,6.796804436676834
vid041,206.09020703586626,3.7330770881751842,304.4598967462563,7.962956833443818,195.66592003368484,6.7000022047873555,490.6661520132527,2.4513173882393895,58.38085654628195,3.666328789804844,0.6131068224968115,479.84447925328226,5.702580933398214,174.87136553854066,7.793397960477025,293.08706952781495,1.2192835783403717,68.28902473341577,7.961654360765562,230.94174220967824,3.9357578134279025,461.0031232470135,4.563915020093327,262.8946689246974,3.5819794030142136,208.88774256246725,2.031420087135851,286.19089195047655,2.2213543811185006,411.8670281219004,3.599144732532671,384.427213989337,3.251254259518638,294.94760061946477,2.44818030638909,221.40526655626402,6.955826926480874,267.4313774135713,2.547680582824335
vid042,253.67908057901607,5.677701918799573,242.99133601197943,7.939392978723934,383.557145580333,9.366733225130936,134.72692566031697,6.963464067354832,164.52135259039903,3.8159021490757246,0.6213117816974947,398.7571054713378,2.4641327003530185,305.23657506520385,8.785429641928266,350.58444364371246,9.293927706153692,372.4944918592449,5.366021177361668,294.26598358093986,9.336189870300812,224.976771522124,4.272020147927603,117.09962042968246,4.340234948673308,238.06629545012746,5.709144609112643,198.46805692777087,3.1805363704439897,428.1466841481189,3.460089772491523,177.62483306360417,3.6433024694733396,323.30551533893754,6.233613299874658,106.46006748210823,8.298903388186083,332.5830321248114,8.67922012607487
vid043,156.4782525378958,2.823742230520071,70.03042557691248,1.2808147561951548,391.7888730615252,7.714849100948659,151.48640128202254,1.627022677843518,75.54421926187379,4.774237191875448,0.7408609331491428,366.5713584053883,5.630700240578984,416.430406181052,5.171232012775099,456.3443079001551,9.138139436833844,327.09125887900314,6.6027216112776035,322.50378598566573,4.279013433953722,355.2583783157453,2.1647925018653,168.30494024027004,1.7751957448696665,87.56419624918149,8.841338997982039,76.55348875076875,3.339619516598699,457.52457318872337,2.4181705329482828,336.2530810608892,9.406600592776917,264.7001727128635,2.0376191910872734,222.93178747023114,1.1285385625749966,262.1415617109758,4.359522257107854
vid044,220.266873440476,7.113658746761024,80.384543843495,7.728432178047822,427.78355765930064,4.721791884104002,470.36115788409126,8.32584360200746,489.1607826099211,4.563521830582289,0.3251235443390631,261.38053936419374,6.797836402131601,350.8959172794626,3.0032368704430183,186.20604503748137,6.422850684748968,73.37139655620899,3.0979487741347946,225.5070293231101,7.238048867208748,55.074070758401405,1.4480186084374922,173.41979629650842,9.262617811651365,268.3790854188897,1.4794265678261271,257.7777200220911,6.46267967092114,490.0371650701723,6.784914128183255,279.8855333647937,5.0841017929339944,394.49033458454136,8.9529539367383,62.013206278559444,5.560114005910194,480.8243002305815,1.6279432608095785
vid045,169.8662481321432,8.590626070128028,55.34563657636022,3.2917826701746544,133.54475879760565,2.4740354194785303,53.041297272709734,6.77530368511645,134.01023610711496,8.302339693269335,0.48934119743166005,454.1915195083257,8.101504875980012,158.06041119006534,4.5336756361025365,58.352535065692265,9.43968116074895,356.4710959447443,8.472174665281798,112.13556187080161,8.444374838210328,415.6083664823119,9.390201388141353,115.03006756079218,7.524936861120965,245.2328895930028,6.673928147716038,173.67081514344295,8.550878197845385,381.28621612968396,8.020059365645539,156.00336788114754,9.26927329029844,366.16645343330634,6.219875616328808,62.400058229455155,1.130000703678338,88.57544498980967,8.041208559122223
vid046,389.32956806129994,1.0450966342170993,194.1327213396369,4.419238265876783,311.8830313978991,1.673697328996139,498.61672521647364,3.4659916779601687,55.83144487207216,2.2520001674513894,0.8985029595868504,378.80213144038845,4.8191108574697505,83.68133687910229,2.495527044932167,157.27073856535623,8.556670663854483,101.14602400556812,1.3296231882067517,231.9656884489288,2.797158224907291,150.91391545192158,8.900712583540686,301.12447593209924,5.9082135979795565,367.72917899571576,9.386323047977442,55.003143352715,7.270047476358826,349.90600329803294,1.257301154854431,200.45996808419628,6.668333027181918,143.13156877618147,6.10787379155428,277.42903133375853,8.301596825656821,338.9442343112351,5.989258471397331
vid047,106.89711771056079,9.695759281202834,278.18787168621907,4.115892987918188,415.93120557780406,7.699928482158036,94.8694919846497,2.99128112906205,440.43369246841684,1.5310518012744523,0.5462546692356228,261.0465401516499,9.732951447415807,260.29142705629874,9.419927447345009,485.4468984538715,8.75580684523862,67.3611371054031,6.827940118559071,437.6125057914769,6.198500900674336,339.55461904385896,8.454248208355875,473.7893831452794,4.074261478574984,412.5240378765305,9.98641502214257,403.60651605883004,4.257839754566311,450.3549737984505,9.767548370985278,318.3762264716186,6.066981780952033,53.2083303164211,8.254403576864709,453.8375102799459,9.198023742861292,284.05101201923964,6.705309439228399
vid048,209.32238257731302,3.8745743022918027,301.3595021713038,8.634811785555147,188.848182488471,6.646480245838009,318.46854775049565,4.633423039945998,60.558088689715845,3.050072056458109,0.5776687701426207,159.75420353243567,4.341970156800072,152.99436709371946,9.647531204819964,306.4623412800882,1.102769500424098,175.77485986315247,1.0617568357802027,482.99736518293264,8.73482948633815,251.54930499224346,5.122935574177866,406.4621277847417,4.2546653988189185,445.13370182387183,2.2808144879921604,228.0328483765402,1.2020936829328166,286.2528682893886,6.4990074705671335,221.09951538475582,7.046562474059594,175.17477052794845,1.5555130559994077,373.0523865835976,8.220267307887523,362.7838147085937,2.6151948968414844
vid049,391.84404106185417,6.477795394275401,396.89931581346593,1.7275487095849473,331.6413375721463,4.111859432472341,322.14983378141005,7.428384486081399,399.3807422160501,9.5901442908023,0.7095705345878204,411.6422834068568,1.8964140500671718,477.7440888855287,5.5552864717462,192.52803158557802,3.503668459049786,158.06382032523874,7.149115891095914,216.20612889501368,3.5438137501231273,114.99129795008172,9.002524474422762,455.5740521255324,3.9596292806309132,84.00015113187848,4.019154454025227,356.0537918588318,9.64067071622037,260.5228739041675,4.510709599547036,460.21670366108026,1.5953456107321173,239.24609038908136,2.5427755823960405,391.7600254929781,3.1024558200099426,470.3879688405112,8.406960771203849
vid050,499.4018660315072,1.617583787494906,246.74604598469287,6.831051976205699,486.83182488282887,2.614706149774701,431.06384374550805,1.7302282940437514,408.0883790785018,1.9232187511543481,0.3160732378547203,135.51454267177837,9.23356716890606,171.46643572912308,5.9419721627128395,187.01673677569156,2.7206293132148467,87.6231654858998,5.313312885858155,209.29402064484205,3.4653135768812566,188.20697430123982,4.270271741429816,389.66017258486426,3.6547103330921855,240.53901617390594,2.6528909786134482,478.1697088793498,1.7344836806401371,112.07667000575213,2.6421062970777696,390.5111966004719,7.859272835226115,140.42358161172783,5.988081084449652,247.82113528374336,4.74473721944582,385.3514340033104,3.8549986133188248
vid051,380.3705279252986,2.3770441017920145,299.84826413087455,5.223039360108563,276.8804232383425,3.1614141294299243,412.1146539416701,3.6051404022613047,354.2155242744098,6.952776481705447,0.18975746610271793,257.2429865110138,3.984493138091808,290.37073851233436,4.287959840114313,236.48502905857248,1.5413596852481428,122.78659576331056,3.790737734322459,473.7451689014703,7.158629578420388,437.537011413895,8.364896259644006,185.05786892185455,7.776922517809988,278.072221215077,9.296800205956512,483.481069392425,2.914274676467575,415.60328663725727,3.8864186412672774,260.90016865480584,3.841161704159889,409.048758569544,4.657390571183115,179.8755238269323,2.0047846415065678,236.86756021238398,9.93171725786173
vid052,346.7345429758155,5.943565054840944,337.4119340562386,8.09068139856812,463.43019851056533,2.8307392455835587,412.39853540698897,4.867675247594454,133.60137135599228,6.11889304611199,0.1510201162358225,83.08020996575218,1.6147089364622125,80.83797065235433,6.303654645347397,363.76750657961213,7.2517422338946425,374.43779786794994,6.531185829257208,80.38988858216624,9.015336909758632,255.11215106648723,7.877524879719622,158.6648578689901,6.864315811739353,372.42672584413384,2.9149713823967787,92.25229375485951,1.9725241147418626,373.3645538748956,4.346037718368181,119.0803847920507,5.575645674222313,446.6882580775532,1.4134171858351534,224.80287362478728,5.291573154659627,60.03416017964294,2.60844547687376
vid053,486.5438696340563,7.533731595833227,108.92580708621115,1.1891542713529626,243.07794724695358,1.3599707190371628,182.27237393604418,9.391874804531527,373.0045846765397,4.954550442578579,0.6568176807445768,170.45036112344877,6.504129406361396,353.69192789108246,8.79599624102132,351.2721573425674,8.961907030062438,271.3986829629267,1.4078249339915412,498.944493516719,5.023399416482826,157.87173180370763,8.013891889403029,247.5796208977159,1.3491232497756076,436.7654477671953,4.241748661000961,452.05791764867024,8.556655738981327,487.9980810775367,9.498255852671281,443.1274592786251,2.4463384619850363,340.2398056826121,1.0610836550885543,488.6820437490156,8.18684634743705,452.1390796155567,9.234753605255365
vid054,348.42428571013465,9.759432870485233,414.3799264188485,4.64289660688393,194.9158281096688,3.1864249161068807,179.76844494308264,8.093437624463144,384.8160035401937,2.5386294003660117,0.18969044087123202,445.0477740503973,7.278200976513652,151.0540446883084,4.625356029732254,278.1002247213728,3.4602608471454355,289.6593583686214,3.2949838315017157,315.0703192970896,3.982624026846219,89.03583983765236,4.645692954656865,337.03704512076905,8.013593677130531,399.90804655359216,8.342206384370108,112.13307070170717,2.699101140860735,371.9494761635368,3.4246604713767166,141.66529760839538,3.2244667912039358,207.9202976239147,9.476124155493396,396.92297190585845,7.517701864123796,89.08393231625294,9.690531934140518
vid055,394.11046490021397,4.4980493047022545,290.9777855126357,8.312738668712312,131.86283408540788,1.421627074715361,77.24831100711451,1.859438014014036,332.02841682566304,5.843681070096472,0.3085978738379317,216.12589805796185,3.4754368691822233,176.01448931693471,2.225165289171028,334.37209018302127,5.706518067958397,474.7850442516331,8.302807098573968,98.90299063845869,1.3087277339340753,167.00412973329247,7.588229115299228,93.22544187365642,8.35965270848723,250.33570009666548,8.093318682139003,487.3141150586548,2.5412232320653643,487.999201790577,2.0922401923495944,111.46562408805002,6.478498233487016,282.02960833311926,7.7949442977617025,95.7639566085041,6.597036551014044,385.072639009381,3.825050130168556
vid056,479.70356180224866,5.4161915674123655,130.10357395535289,1.1222844878336844,244.07862264823234,7.142776238649554,373.2264020674161,6.254999441908823,410.6818123442073,8.99914420255187,0.2919235346445421,342.7416273614033,3.7807829396027763,167.613382494655,8.177445447603152,255.83391146260877,3.9315468352629503,313.68393302642113,1.7886667814378172,466.94352578294234,5.555373634843703,103.20218968996221,8.216085962204573,268.883758790273,4.726006026547266,408.3248846660665,8.894845709310717,445.14793702472457,5.471080991798596,315.05183534111404,7.5639471025048275,395.72509468913574,4.979245564918911,400.1166689795743,7.557894956507029,53.35885361667096,3.8327920792008636,472.24615388204444,6.933313608686028
vid057,94.52708635642675,5.593671053387803,86.34601366545736,3.9665693003768556,75.54067583070375,9.558715246190568,297.6318989489256,3.594535731656939,88.45525133596537,6.536160922370284,0.6095338585788167,399.96888868240984,2.85294970863231,60.10213927541584,2.410243495171903,387.13526802088467,3.205576888187888,91.99481293052902,4.238241256000976,173.36539454104337,4.699515440121441,415.1069790266022,1.9425092906715524,124.58347488456202,6.028830166924466,494.9804680638671,6.515532910516369,404.75035214002475,2.935867566853747,278.08419600343393,3.7580177482908894,472.20536599545517,3.717978166512182,268.8638375553101,2.9866714428958163,360.2135334884998,5.1344609403321115,94.49790406908738,3.475022064446996
vid058,312.32285834787945,4.74717008773503,286.37361010783536,4.197761286818997,335.7111250213135,8.214896100351904,186.51340717259208,1.449237621766937,188.2417623816408,9.5803124438856,0.8396597044056663,195.87227340964083,5.0347518200394035,120.81301121126529,8.745131769199283,390.5175628392431,8.417649416049658,499.378270425813,2.5054819000077675,446.17391200184545,6.801318531057833,286.3970308363746,2.4097248040389063,181.4008063826785,8.198304609756981,102.91678514571973,1.4021347802933328,373.9959386899197,1.2360889583711936,299.53463946298666,2.2388075749157728,303.4946652912778,4.101053990715835,316.3287114201766,1.276721830731316,243.3012868301621,5.848868256070004,228.72782777161387,4.7577865415600336
vid059,304.3594837569667,3.6653569781918836,199.3111277756501,1.0841245132083506,245.58135820616596,4.960498497462886,255.81861549540082,5.1161106755558485,308.0512763739191,4.575141642596119,0.7022212849592707,84.1219299292174,1.8569871175053019,240.03538060361043,9.811454040507227,317.49213674780145,2.2673206909307426,258.7028455039495,9.257979934766826,236.3036489317361,9.941049735309564,92.40183787794678,6.03201999307172,165.0729115956595,9.738211542272065,157.98393925993662,3.221198129984296,304.1998952141782,2.4237070179800755,465.49084501412653,7.005104862743808,189.77626562830778,4.4997959669634415,75.0775749644086,5.827730736878356,210.43244054286365,3.852766596359065,349.43719615827143,3.642522133142508
vid060,127.9118012989032,2.68776940411944,67.50457387209141,8.825660060776015,91.8159822972421,9.880635641657387,58.38405482971124,3.6189074503393144,178.20919106324666,6.677424247182023,0.2301600238778237,304.55717659075697,4.452077576097558,115.35500211027221,3.965865622296378,98.85332887762019,7.802971999323638,381.5543567069898,5.047010338125039,80.62765659178964,2.7795380564267234,210.19535414358512,3.0697143367730266,329.8824986853585,6.925194672396824,454.29501996762167,4.615970903296485,58.48444946300544,8.306124264702856,468.1222112157677,4.953773486408264,186.20135428612602,7.081808988174755,130.20837983837643,2.43185355797565,50.91309575547658,5.449254281477301,180.487248400082,5.325960522076288
vid061,277.0401809697297,7.894799441670673,363.30164318081717,4.353886793980147,121.09479756738806,5.225428550536325,260.0803270870417,4.747658678232395,97.189759127511,1.1807731300222017,0.15853362040945493,58.35475695022622,9.484218507109036,319.1011215200927,1.0192873047922675,293.0106060587329,2.8266317130967904,377.4195307680448,5.593171770653808,267.3996571741643,2.1467188508983877,165.0589102408186,5.611813291134156,321.39029119136785,2.837144836156996,127.37010097029929,8.486596860519061,182.46450847497937,7.81738616652544,450.20297131566525,8.88743106343486,241.7404100077939,8.563434721227171,215.1713035898839,1.2461710219423507,60.011349701909815,1.2457631356321404,323.7167071210444,3.7243536285288714
vid062,344.18396753587643,3.161905295579872,352.6299542722907,9.155427145762875,178.03228126820522,6.3751803289480335,450.3552913192067,8.52127932518454,319.79835390701396,7.292927076486288,0.7290351490316741,134.96945082197325,3.852625085162894,408.7563887834321,3.794252756789531,104.97225476958036,4.204084206107126,264.15583359846073,4.642355443971283,69.98485290060421,3.5083244701045704,306.91268402132306,2.615283160262954,94.08422142453594,4.731266437849552,235.94815947428864,7.404285756781027,405.06211184775685,5.547275068167695,177.27784047787583,6.747536467458368,228.87819388334069,9.5593885899424,61.28265712278016,5.641839837395466,365.10085529573587,9.353096707546559,144.20071551438332,3.6575444799242494
vid063,202.71321114322566,1.7295590078234324,455.43394733959724,5.230976660001973,444.062414312877,8.25682988997502,311.49583008759987,8.246298481849372,486.25500549180515,6.111726169866926,0.33789491897364743,221.805228075878,7.336010743446736,109.75029942914817,4.655017406007348,176.81080223922268,9.624669669338722,117.04653346081496,4.823901360967545,293.3000363374264,7.161968704499656,367.0086745329297,8.712608769739184,96.51419245656675,5.53513414551474,435.584483072063,2.303581798842121,77.30856926148809,1.225397387816717,423.4174855085175,4.648170426361974,452.8193135538864,7.698235088653884,491.5566974116194,5.668187679207995,109.44587274421384,2.9215538564362418,121.0445903777837,2.883178756867435
vid064,184.75016247243488,3.842546127698099,69.9935145507855,9.177397381054927,177.1695307476637,1.1728709783845876,495.1399436372563,7.163015331812554,61.69187980298697,3.3109603312158153,0.26182371654965675,205.48615885212783,5.560383704013382,433.50612227996606,8.315660341528979,150.54112334701054,1.0481899777198003,312.99952943543076,1.8704553847950378,63.18562864371298,1.1653204674252193,239.34215857312535,9.496432098328047,169.0338491271213,5.344138680621693,252.30326132777745,2.1376961466509026,89.94670522974681,8.741530113085055,193.6819341447912,5.204321884538045,401.6759532741428,2.574245149973574,320.6439250064936,8.127622706793346,193.13863293685037,2.2701267514482018,129.20397729508315,7.3401893092301025
vid065,202.01842884447208,6.209073111502774,118.90507922970522,6.4444194569727875,453.70344499363006,3.6773092707410964,461.16726365301594,3.7993488564634394,145.58630989698383,8.424553540918405,0.2545436890702317,76.6279900908884,1.322703095335122,194.21054139850753,6.988964363947277,275.61348168687675,2.505368672452407,396.9611547042665,2.7381389527320046,198.95085912639112,6.548180118527622,247.0698800246704,4.666209206366634,268.9156613023307,1.9410559867083141,233.18923316522773,4.206860618401866,160.15006701502867,1.6155509558469294,254.73631861091354,7.225744472245797,443.3789349668742,7.890540093416696,356.61199466616,8.38301808604171,315.19659834710234,8.932072371873055,262.669791041959,6.817543517928272
vid066,390.5807670609406,1.3371584779290164,418.75605496370434,8.51669059859432,225.17589567178058,7.029390280859418,234.33361253319643,8.608916910816696,347.7953665328423,1.7272122153681808,0.11315055150369586,228.71088749326861,2.502521681016459,141.54275813067653,1.8248451234247824,361.9043945432205,1.796575978979604,384.410783933402,8.940172011901357,163.75859882404555,1.902019381659837,71.89814982261913,4.339423855593029,297.2099915654455,7.774820078353846,350.6426997757141,4.4852083844915835,296.43227384843175,8.918385183594605,226.23566428574662,1.067142475784082,385.62161566232146,2.8880026461401624,453.556578938105,5.140000960131644,261.1080992489382,7.601631527490711,341.42610264782184,6.649610935786317
vid067,265.79590058869394,1.5396278094981242,272.85768550841175,6.02334365541918,214.00572741861612,6.507482470214543,454.54748747011354,4.572014932029555,61.183079391745494,6.874066616212107,0.2700099020961491,60.17799912277624,6.324500462941716,337.14376402506554,1.255757750714505,71.53027368242239,3.988992506918904,55.749052035873255,6.776504161458044,127.1135487196016,2.4896891031887716,364.4424811437635,7.760248104208314,455.0815819466345,7.324728682840541,130.20859998806526,3.5538784119044893,425.4573715781742,6.808446686027273,148.9444468474876,6.036276331680648,174.660781571486,9.434533378742357,391.83046112019326,3.344665917992023,233.26254798399077,6.418953086985138,411.81566062341483,9.358794181597005
vid068,369.20775073939575,9.620720122841098,319.60824050927516,3.9635863476297493,435.8031885209944,1.6378150815017831,200.71332845886,1.1094397899035302,119.37567137814203,4.770650100088816,0.3240151573510497,220.05641655023462,1.2944080587587425,128.3178770753767,8.705006882472336,305.4422547484034,2.4344778439072288,436.5201384163931,2.1316723391832957,444.4087273199922,9.646621891270977,103.69322078627386,7.028112045805683,256.170713589029,2.708019719905569,230.23678087857726,4.238075833418796,468.71273750418857,2.0084912356962397,264.1842063312525,1.3242406845758548,463.02553107684287,1.3697260867500591,403.08868026173957,1.8709200792579983,315.54086906122023,7.133994600125639,193.73160284786633,2.874332972423944
vid069,434.5947489086724,1.9312147561984006,399.62244315850694,2.1357271586202726,477.7427586416007,3.2431196593175136,321.70221985012273,6.855335545660333,433.4046422383695,5.869045402526429,0.3319599996000674,141.13838159663277,3.7492273957576563,322.7679101155971,8.276530628514742,80.55424598186676,9.642677812221564,322.1223435730617,7.310241098496656,304.27836727685315,8.096563846138594,80.15684066488097,5.138836870248835,192.4682255258131,7.638723064046571,404.4802933570695,2.6049788589539964,290.80005302471693,5.690236747123837,355.06791576495175,6.0419596570303495,133.85393126842172,4.660426076255007,309.18837025460374,4.745570590291486,351.63566504750486,6.218666170567211,67.61865491552747,6.317375194217491
vid070,425.3662183254905,9.375917898301472,403.2413006562131,5.849576962481072,495.24306143854267,7.523544501464773,446.7613030057732,6.486609942633955,149.55965413286808,6.954674286082032,0.8708263419890463,454.5363273713328,5.312897254940023,402.33441323897324,1.709418444661931,213.63014494348045,5.55254229571926,243.79166739371357,8.90378757210296,303.3069564176408,1.388673141574265,180.82257646773766,5.531103239819454,463.3661605076838,3.47098396468379,254.30686346037882,6.232254438449245,127.3712006936154,6.654379547959015,116.8772518429756,2.0263340030299997,279.652492064997,7.770680203324095,455.35309069514227,9.232360733762915,255.59522828408177,6.194479752440189,281.637024521162,4.2216434017568885
vid071,229.78576655002706,8.424398607255924,226.0023327711803,5.189111176056471,382.5410875688711,9.590826686568747,296.4755409537833,4.157082500368064,67.42950282800336,7.3853416964330405,0.23661124050494042,485.0258296905062,9.895478194110812,113.44365539797865,1.690502633927796,359.56278642949866,9.964598563218253,364.1585971453717,6.639788512521862,444.85433076169664,8.789175740184291,78.92544606100174,8.372527505329781,264.45891345748635,6.488456537525363,155.5062496524497,5.8806845260377125,107.55729280693592,7.161070071446421,402.0952991900187,3.0967046101648927,61.15406819187623,6.081185830039285,417.22115758590814,6.93554914254144,67.47156380500253,8.544301894791158,396.5081810062192,3.8940062304187264
vid072,465.40546947205104,8.585097871180542,332.84648417666705,7.360170070508112,348.6515079010911,9.824348478776514,234.5875897417061,7.934522665764936,455.2010033996363,4.177380831881015,0.578136196075883,430.6660200004125,3.1729238337791896,200.91190464202577,8.574747829426514,414.70136033624885,2.3444930096336383,70.8938789125676,4.291372469683919,465.02333117893033,5.89930031251747,131.34472181360047,4.422922736615298,393.99020657294267,4.838165518051511,338.7481701200236,3.019962832581242,394.23243661516074,6.439515649646086,134.4552280632418,1.215486410519401,214.26930804831574,8.333132621716539,54.33782294888452,3.721048341602781,184.97117182177553,7.739514371359506,473.4406106030143,8.816501753773583
vid073,310.1142660523301,4.56717607586578,150.72880237959237,8.951833896608704,291.1144235234137,4.29681916607547,306.98151507724305,7.106475473884785,299.50397350783453,9.302996605788644,0.49395607946161646,467.96663005572356,9.775055629336432,344.8074407838363,3.8563529170593114,264.72619154584265,5.936044904312197,117.73726590527201,4.9079587961449365,279.42642698703486,2.7092185792040504,172.13847960039544,7.498891171812111,427.2013121373834,6.8392102850418155,319.8418929863464,9.66847191654779,233.20838678087182,3.049336850104238,100.86431623911413,3.0655747240655193,377.6416447149084,7.7823622020421395,147.36997680310864,5.960713184467133,353.03243474117056,9.526887741313734,215.35119065084479,2.395892542989209
vid074,122.44222119564691,9.780541753106531,59.63778253101757,6.0379004209764195,70.69940410570406,5.845891955648132,58.7724465498614,1.5554109241413898,462.98653885345095,3.440713071520003,0.167070788994078,51.80461320013245,8.538097915170733,496.9572053514964,6.118541065137551,88.3100770792633,5.272767020344127,444.4564314482464,5.137712544243631,179.24984351475996,3.552840850862403,429.26154847712485,5.64540248620395,354.0767152705826,1.7622309149393038,467.9861395749941,4.815265440570505,76.86726662379604,9.006523334965626,295.3094813306434,9.86352485563326,382.97018654847267,6.533233015805598,351.6116088096301,6.750282962557373,334.78914073622025,2.8552812345320855,82.75760399647505,9.256047253438018
vid075,470.52016257174824,7.7783931140996305,405.21533591518494,3.9291752387463506,442.8335386856591,3.6468390948914546,397.44499746568164,1.674245361643099,379.194356761653,4.4012373095308535,0.47976119620428814,327.99251758968006,7.7577694570015545,454.71758979043517,1.602494897970925,497.74555521055373,3.557655012896854,343.0074194505766,1.2658071012100087,494.04025952658867,9.13617220135897,123.96015126927881,8.180700419615075,430.11911911641425,5.046035120346036,246.4525924330464,6.4909632584256824,133.93210837630426,5.706266599074309,203.6448186840573,8.752543959357876,293.1951538174599,5.54929864572757,487.02622817641935,1.114665568192191,229.59361724007434,8.654015535687144,392.90762728722297,8.847998071856217
vid076,451.5890935475899,6.844463190258669,439.6042598050242,8.514887683615079,488.38171795473113,2.433276213440493,372.21324195294574,3.2395560396736895,140.20556037602097,3.9243559036470645,0.5669725498426192,376.45750289092246,8.764508734996738,133.50146969098176,9.555655440752144,337.7285152107592,3.1488185923209864,293.77878931972515,8.704461373571219,475.89904993246694,8.455974955480649,194.24751169192672,1.7828486702594302,94.43225127749058,7.326811932569026,187.47855617728393,9.514980207414741,318.78577247042574,1.8831170694104071,496.30626223122346,9.336347845894693,320.4112688750283,9.156156332069163,416.2007670820125,1.4298486165717583,88.42249945701256,1.04780356894867,277.7438629316946,6.378572536484127
vid077,205.38760223041598,4.631859770354077,352.78140992017416,6.480803182162958,374.03188006215544,6.310240035810605,126.14092671583028,8.50260758381011,262.95550022351915,8.527890537209736,0.5309756145743442,192.57009857196155,1.1363846599427758,260.9128692297436,7.322083637487247,305.13912476628855,3.9493802969819964,475.44197625254463,8.220196105664762,324.6949414463128,5.658155975999203,402.161632145862,3.319266162357181,220.36766367553673,7.407999522758958,108.47693965275455,7.616113744225317,118.17938608550173,8.96700371428589,282.09855196207843,7.7995257099451365,210.04753704108,3.8836398513230956,284.5502177434986,5.7212471641532945,444.44175526558894,4.3532022687900085,61.61985445356268,9.299455790089675
vid078,205.4695106749544,6.171816759199258,444.21868170040506,1.9375819255105053,84.21764228055883,6.0305266862160805,433.0336175933368,2.003912008856596,165.0421236416094,3.5307978224570213,0.8456385189360308,274.7500347776247,6.682825238717613,438.2555748569089,9.179697966208147,99.26253930349775,2.42732271643647,230.91465113054323,6.822909797641875,214.5143454787986,2.712686926494236,436.59520908993187,1.234678805573178,496.1044756442474,3.5549807968247027,419.4006082591478,2.4287742279072297,459.1748511335165,2.4943238693406764,269.53126396586447,9.046044969261933,207.9889702804837,8.9387726090022,178.12161261648012,5.994586804201288,403.7783723367283,8.964600657279682,224.21128962619662,8.395917376297223
vid079,475.4145072637867,3.0367109153313074,383.47519985488,7.539303369275286,67.65622055149987,2.270724584008538,350.43226409699287,4.4023672270611645,401.6239121004728,8.128641210082009,0.6609270746438174,141.69908683610856,1.7009953157772943,141.67036500416873,2.988380703910984,484.1489852664028,1.207058452928094,260.7854182175154,9.70358455146411,179.75439722989435,8.1148026074428,80.23956409355019,7.353399049580761,262.2997238806903,9.485598546730527,364.112738846086,6.9191924337033885,457.99522842282164,1.239748538953758,156.61413051200427,1.7161220658238252,141.4183055633045,1.7633780908322412,478.87439320238,7.730970112365382,462.36539080391236,3.3426506517258465,193.89148528664978,6.934290077900992
vid080,198.42710168391113,3.187461298153204,208.48302384612197,3.620435420347917,76.12658512724495,6.358413145580814,441.2814101599831,4.426328755274476,376.4833132281457,6.597125560728406,0.42466157134302773,447.3850670136734,1.025752510907163,137.46827133301,9.663879134082913,410.0575194238849,6.652633700669348,190.93846078503577,9.092546914688405,375.49848818251485,4.759545384253434,275.4407811833878,9.213442311039497,426.57820057072075,4.176771524851287,238.24662051516617,9.81806788529736,101.7008615402642,8.205815833606659,477.5582163091475,5.886234845278151,425.7286733514504,9.933997185161896,339.4237842530928,1.1013195558411366,61.878904672893825,6.051018657337832,479.16983919109873,6.611041207430557
vid081,169.32863763494706,7.372172102984317,278.28893662042,8.724935864248717,88.82351598757785,1.013872818695564,176.02827583201616,9.829938154354814,321.767577975128,9.265066311272477,0.2895453517940834,462.0977649217697,7.276594746718908,449.8926201564282,9.043064666578886,204.32876793319218,7.0333687196012376,54.430007382622506,1.954342771616991,124.15057809979955,6.316113654916575,129.67313232567204,8.186911976249807,61.61355498773176,1.030385875855979,336.5514289050737,6.064857064073491,176.913929559651,4.310258226353957,57.44761314867411,6.897176022662933,116.18457596681392,7.447261561597776,181.68478961409303,4.610798147186996,374.182608214024,6.859006524966993,246.9643792157966,4.219805615250201
vid082,326.59498774181816,8.290797355714847,196.61754518058098,2.9069390883870247,162.70494512352897,7.650136752893596,264.9235412479566,2.231283417507127,329.48080954808444,5.664358095872593,0.35084269045816385,284.7412593082098,9.301813413108356,75.93956720813927,6.547132976882588,480.6704404488201,7.143490049022763,144.05247055768785,6.080990267595581,322.96861721636606,1.170008250006001,241.16074966508873,1.0915329016088524,148.8200501079886,5.443493019820308,242.03309398114072,1.7468218464852523,492.61931252424745,6.176769269835496,329.80506771265163,9.119452436966732,289.52151229774995,5.532654565566007,128.5299835615202,3.0970486451945125,208.8122926807333,9.399391923739897,184.9210867289511,5.098193674332709
vid083,471.6421564199891,2.7233771073041853,414.4851970729805,8.372961303746967,94.44661790384944,5.290269124050318,373.7909767612748,2.3296617360527194,425.8555962544257,1.4061472343854116,0.5464377808203442,360.52479831258773,2.4030456033141734,491.50246889736775,7.795923352570019,380.6972995552008,9.99477687658234,495.893723871489,1.8122449826622833,269.51729871767714,4.776870186654123,82.67567137341385,6.947357263018167,246.99725618428738,7.7187916264244105,324.13695316480255,6.322488867462564,268.9320080473732,7.441150132520576,482.38575786936855,2.171314862905122,134.98195410886865,9.369681514107832,399.95459488940844,1.4351376033365684,251.02329644423955,7.095415146540914,188.0665769722928,6.829133436998486
vid084,432.5397355204985,8.784290308900518,379.20443484237074,8.942603630613089,56.02611447859731,6.957176437437218,356.2297114096951,9.770424544239845,180.0162889266848,2.7015282557526152,0.4139017989759225,212.2795267889426,1.2576092342264475,409.5020887163196,6.171648687471277,478.2295389876661,1.587395836515857,185.29490332098382,4.336221422129146,227.18200351655392,6.964618079967799,483.40889850706634,5.598303139966909,62.39548358457515,4.150627590437978,207.11277066227476,2.8107264564341423,274.52577069878896,3.2280180345357734,432.9692726726561,5.811348959670703,373.5174996100943,2.1828865948698226,442.05716844216363,8.205119703545352,198.8406781689744,1.5106716658953947,77.68847800111537,2.818482400715647
vid085,408.27482248724834,2.9050387639258353,400.1064566063102,4.197328789386516,292.5863723488238,4.0712433743067065,112.57393007932187,3.8251619047777297,239.882768569322,1.1456148091388199,0.7588929296820035,239.62664048858764,4.403102605748309,50.630765252640686,2.313215280937865,130.78849141208832,8.71885078893299,197.03969216145435,3.406677730731666,89.77518471970396,1.5076082580287418,146.5342929484607,8.41211612442559,355.36107122012817,1.8194410068247162,367.96513589615245,7.994355950525553,124.02751516313425,1.6224885529004682,408.3057084649096,3.2048511712439947,280.35710252004094,7.933009369867352,222.00500830504694,9.357825368601848,92.26629907081383,6.460410979600158,406.0249887155781,8.078291158460218
vid086,0.1960877627134323,0.0728297159075737,0.12496496129918981,0.07827909875227182,2640.447626096348,1065.7456903505242,2628.221972627559,589.8086517466944,5628.5400390625,2115.0783492016935,99.38401442307692,0.4011862874031067,0.29285940527915955,-51.331642150878906,57.93769073486328,84.96051788330078,35.46749496459961,-4.069553375244141,20.1835880279541,15.832505226135254,16.858747482299805,6.7020263671875,8.165861129760742,6.596371173858643,8.980257987976074,-6.321398735046387,8.260106086730957,9.771997451782227,7.387922763824463,1.4770128726959229,7.427274227142334,3.010896921157837,7.637867450714111,5.412729740142822,7.082385540008545,7.879045486450195,7.069581508636475,1.2395390272140503,5.79547643661499
vid087,156.7407252674277,4.887428871027849,216.93294208112314,7.5717663187776125,431.33869041453954,9.920728105822297,109.3414621840516,3.418827732512362,413.68523057245636,5.879670131013307,0.6450527176572767,153.40473505382175,5.909885133709549,195.29110142710107,1.2473075525626656,352.1399347080208,8.573540152025972,360.8427265456568,2.688631493640221,340.50575777522045,7.936839876195302,324.4222879767155,3.236228206316535,428.03019537222747,5.579639952837497,171.59979686941847,4.195509529426704,415.4071096616754,1.610292385959755,340.1513769174233,2.4544499749443776,377.32856271804803,5.791613026229708,418.8827104441658,7.922087104541574,481.8661469238758,2.7865705203280084,317.8156040613278,7.756431044436693
vid088,257.59454663698676,8.818642190458867,442.93041042202765,9.573836519133176,366.5678849043765,4.814120529350863,428.58101949418017,6.967548226181302,427.8902730030808,2.875813969549408,0.7258222540103385,75.26817134582984,9.549352418261293,413.452275819684,2.5793780683869834,151.45707112536994,3.6664494153570364,140.38059685296804,5.4624902477201305,283.9210233856601,5.702864307790056,146.01761292249654,5.6514246574321545,414.7704151649343,2.136501451727075,465.43484656459714,8.821728304765374,428.1947500494372,7.277782412305004,371.5854367587067,2.1446193570087573,380.5808361539833,1.030966242256194,110.0285656984596,1.9222616683195821,94.89001454364731,9.140920597956006,297.71914620326334,8.31697716012702
vid089,475.91206636343423,7.365509585076947,452.2392660374585,3.7252290246369024,385.7922092715155,8.986521774577536,194.57398327260643,1.8819805511607188,436.87201955543566,2.8335254167267556,0.29589951157615857,97.07430103924193,5.246525998801659,168.62666227521623,6.314217891408088,448.8791269207589,9.853846331486189,488.6528756611681,3.800174972928673,432.4200800275036,9.828117237628113,469.7697597316736,6.236608021020214,476.53010843476784,9.731464025969704,128.0802327878076,9.018223798337479,486.63120187055864,7.057341226526957,366.581510719769,4.610594109342211,74.68832249604473,5.5009442795866885,336.3947792793547,6.444396876074218,144.26861395593812,7.839292836473535,482.1588783026641,3.5614594983815913
vid090,393.2809467155053,3.397005105211024,83.44113090258782,3.5828696129262996,265.4895891633112,5.983004324491182,179.1922122582108,6.5280515310110525,490.942546384412,5.062937723322802,0.455495553983558,124.86039882927098,2.102075591699729,451.7870961832852,4.647954561834319,96.84627877019918,9.804939816557045,110.37296731485833,1.2518358329934363,346.2662994946525,9.455050274977385,308.66804523543095,9.816773882025744,238.06677272075132,5.688747660002775,322.95744174630283,2.938931545880102,161.8078826322547,3.1728347230743865,370.00881391984257,8.015397620712438,218.07973485892012,3.7334196483926085,171.21966589637918,8.558981902017718,438.340235958993,8.942213956669189,385.3468991090495,3.4029895577138856
vid091,239.4096269193343,4.913885392115725,271.43026777666483,9.965194131613494,52.964673494407826,1.7684772755396192,491.6865969136198,7.369067277597766,212.25947996397346,1.5911685582950825,0.5453116598032924,320.5683514970702,1.065241416353652,377.69705737118466,3.825861357141613,117.16413180692074,7.589273594609862,208.04934623629487,6.99077650548718,194.21184069433392,1.6207034518271608,60.60424230636165,4.192222786453175,167.4166396365438,1.3144118660101367,405.3637810499213,6.486097658647809,133.14971706353595,6.780274396613087,284.4874201544194,8.614534792687495,453.3964901710258,6.721101170449169,108.70364966625277,1.5599294955913154,448.9369069842843,6.472602891970677,84.76099761570855,9.251720948811387
vid092,390.49830099378744,2.219758674073412,375.1804156243014,4.315407386981245,425.6322130043955,6.044483094621501,398.2051717644093,1.0225261420645066,52.16936372165916,9.662507798027583,0.12089666823959444,92.08972248861124,9.931625703898845,476.51832618599923,5.957518945549016,189.08876324053725,9.582510553206525,351.3907004868266,1.0610636644132112,491.39255851203006,7.140690605870284,493.6957577272982,1.6559535964694558,71.16228614959732,3.1887279817520047,178.3349251702696,3.346960250571861,105.58638000112062,8.651396762169433,399.37023868713624,6.912030070919378,267.2485762511084,7.287804633653154,451.045329964541,7.247291672912238,210.63834168640872,1.9393987746001715,487.63759098845753,1.964501800783271
vid093,263.43389863956236,4.337084588104408,329.7982760273386,3.1791909283938375,368.381627978057,6.850887320166718,74.45448839416899,8.607852193614256,462.2086982705686,1.5491379582009626,0.5168266913981246,116.82241244654304,3.5490213809084343,212.51269750467586,6.246258576257632,495.6388494183157,1.9931197127473785,461.7434266907333,8.231093407553873,96.6766202721213,7.260268101043701,233.29649299572492,9.934175043688121,185.8869796270957,1.9040912161052541,63.63027133372265,7.8666336496712,411.37601166249215,2.9232886180411195,428.87910240125655,6.326581641459275,88.19764433464063,8.735772646523708,196.01100499019827,3.944059668045338,279.04824048366356,5.386956526999468,117.75629929634775,6.637632326664561
vid094,405.82527068392795,7.196963873795355,474.25105913008457,5.72465884707524,193.96632764110825,5.525144746121416,269.1167850444391,4.90098435182933,322.2391657166999,5.778565247884896,0.7436929240426937,396.4891474537276,9.914647469779771,265.41509706393094,9.55555349688908,152.7748668891171,8.405042131670708,363.4798753641329,9.623238658783052,143.2093138484376,5.309210955799194,316.86933538121116,6.11734785804226,109.47377875973433,5.37804607942495,209.98457510937786,1.785631620190171,111.86693149973118,8.084878043419668,213.96924808770962,5.910866861667752,71.68558801772834,6.367934186679936,419.9860652783083,5.210204464486082,136.28983010012837,7.459795750698624,422.37903981468196,1.3652566357187723
vid095,381.7276065777206,8.160287173005129,220.94898920352244,3.506880608779376,364.7960982015008,2.5698792472279073,206.49914683138968,2.9799550351920345,412.5442723565768,3.782897684356082,0.6810549971346016,404.78208456467377,3.345099609221578,452.30301409059126,7.251796413681975,176.91593173711107,8.332287048628725,287.67112503056035,9.569017148014211,232.23286200000067,3.088758594137967,492.41299151758926,7.403583919074789,323.66314960286627,4.997073446696575,227.93938054209272,6.440505713572497,86.14716106697699,7.541239496683476,317.1058036973197,2.924383904804448,271.14572902130794,6.085190399497169,481.8678365003938,1.1647695169897685,135.41330280745575,1.3926158554144055,479.87205337891055,1.1223888584432422
vid096,108.11794869945693,7.13690853265451,76.74316809227244,6.5482046896753285,128.2400598180419,6.874153429023046,277.7153551682355,6.40878318322549,454.6322489541971,5.5603581708218925,0.7593981379282183,185.51131633761352,5.367855555852283,211.489443746738,1.2868863583922026,417.59223373783664,6.473178987053986,443.5016475564811,1.7161805574367064,141.478650298827,1.9735360231613706,296.9722370381512,4.581132000539439,248.63216151485375,6.808528428366281,84.95005978895864,7.914681802799755,158.6623419317332,8.506285811605308,238.07554551081867,9.892589033669653,86.6496281682531,1.9655003814529484,124.58890178278878,4.143513142431285,194.31086688170478,8.481316582787553,393.4726614935264,4.170030800029227
vid097,171.50455742321634,7.675896280166746,101.7252413437718,9.778181125984023,431.5104308292088,1.866803410766916,490.95853256555745,2.0204139046881053,320.7272064016592,1.5272208697376566,0.40592148792721383,476.64638501890363,8.90438549560006,357.89822074759957,8.312221006812386,438.8620965657417,7.188644344110704,157.5303148419733,9.401535792710131,494.0435404130122,6.781485880881862,69.21266864768398,5.637973571437483,411.5632946315254,3.3783191109374986,141.00402740766987,5.287595395337227,241.01169235377373,4.456185147714693,240.11138928151803,6.47957825811743,484.5314762011245,4.394574867407821,240.82367948495616,7.227382301480752,397.3130752522774,1.6637576092282762,405.41118117958104,1.2401198453424496
vid098,382.9067037243917,5.113012642256286,96.081273755382,7.691909418975273,235.332933073131,3.690686625715273,292.3858786752719,5.922235214410945,155.42109843079425,8.467244873222107,0.5302507572249453,197.24847573528479,8.66507466625087,331.5078580083129,7.047232888379709,411.99268803480334,7.854309894516035,235.10804198817814,7.507708378345976,250.4159842312208,7.4541448393962355,283.0821613071357,4.2019342490852445,493.0770964797603,2.373547400853036,460.27353801402364,1.552997913927587,225.02737556484453,5.159600389483872,332.029184304409,1.1215122058864682,105.99405045758783,4.267122001487253,187.95559332347548,8.484324828144242,362.19494164018045,2.5629495060424894,297.3313531211476,8.802466269409068
vid099,435.2877719450904,7.397723476206913,371.85270142180957,8.297643137391153,117.3466721409416,1.2379386828754138,103.87432017895387,8.540753145892733,474.95035483540363,5.322673469846324,0.10512959260984066,88.5499197468857,4.449449798055582,381.1594326940331,3.5830021758448485,196.1845769557,4.517642927682308,317.81855268738536,2.59863754956199,223.49676401370778,9.582421270454663,321.1490737956837,3.0044372046048355,157.70864915345538,3.249911307222314,214.85534650449267,2.236818579145543,381.2327755954595,4.1400400020041115,394.34365240219563,5.167130724649434,323.35786811192554,8.100449441151438,224.00501990345035,1.0433769526078438,214.84261300799005,4.609197022340693,81.88227631854264,4.041598505547281
vid100,284.61455260696425,9.432884077817539,229.1238730140613,5.746643884397731,459.0315989904154,1.9108477797508643,355.5307980254669,2.3997490851914236,191.81937079841174,4.398092506048237,0.8589915310017701,171.23661685113228,5.011391098640862,122.50035619013204,6.440154474902773,184.75928600990636,1.264957304553627,239.88221514272658,2.402284294135653,130.12348732303678,2.382237588821477,426.68586531314475,8.214140438665243,323.7189024369527,7.617074270874466,476.78827914854816,2.0928710784338787,215.2571532421681,4.490211323736403,211.71491584765664,6.5539926022933725,498.2253462174477,1.7080777738128328,464.276537238936,8.608576512319196,446.1475176391455,9.886197011713202,461.3136695450273,5.050502845217248
vid101,385.91314335882237,2.2300378225322808,479.83385095308523,7.207169013109138,496.52810712806956,8.184403273339477,473.2828328273598,1.9249363297346687,385.85033911230335,8.850918213528162,0.8476674466627425,193.00530128565748,3.4522867042172853,174.11855111725077,3.33960543614298,360.53166493714417,4.023040217787788,61.18660421304604,2.2044325825652185,113.14215873296261,9.73493240809183,451.37617246189365,3.2472388194568884,412.4346691160028,2.513081091269501,203.14488300904182,8.836645336955018,446.98778473012743,1.258661612476741,434.79801739865894,1.2312454255111334,200.3259940052746,7.637755646935108,115.82863029802581,9.308813043286321,302.83602565821184,4.41448943300882,345.9662739831195,2.5811323407467412
vid102,309.68294162480447,8.202977633173905,467.7124935919524,8.55003979510548,392.5907719213673,2.7470968519757353,373.8368493660084,2.0931716454285088,487.95095699445056,9.536528069949874,0.22774875038463638,416.5901586523312,1.0967017536548544,426.1399571393212,5.150691048653816,139.42695360842316,1.2944946753055624,216.17109094654273,9.64616973765245,412.3079555772697,2.6227142517775555,239.1105621637573,1.9805219110221364,132.59570775070648,9.954991804719105,339.02889924588067,8.038789584998511,121.4298639503865,9.7776135810741,180.09475535384976,6.4433497805675115,373.36643635408785,9.029049489367898,201.47875093707614,1.0734427323444062,228.03288570358444,8.867012622480793,490.153632927261,2.181173346293904
vid103,321.1066903465328,7.9589857787101685,479.5596037474748,5.6643698287537685,329.4133398276585,8.135058442143503,416.9258740411977,1.8182387014282386,390.66085301767924,4.10834479841035,0.2087062502824223,479.82054193405213,6.330732411049231,328.70822961733626,3.2009152886248913,307.7569896855645,3.120284817720508,396.847727995234,2.6962623376080885,134.3042615385162,9.665745873982594,415.77589948525514,7.951215937088227,308.0234030334636,9.904244806986439,68.12857739272104,3.2292153712206657,463.06115751530314,4.7912900542192505,364.62505891882097,1.5203832921377294,90.20232781587043,5.156568697601381,419.06101714768045,2.8888751377278346,186.2877744640621,1.5099116557423993,89.91538697929326,9.698568445346165
vid104,299.7187998969713,8.85151945134338,305.2329287090397,3.0244959888264513,209.8304035815445,6.899889092510896,392.76667871502576,2.9421043143802565,85.02342202425058,1.9805930846448787,0.6675720372259362,145.7824051220772,5.266816839593944,447.1420603447624,2.493660934682216,376.64030491929145,1.677204615137791,216.32032748137883,9.138495909918365,337.45132738899343,2.6871007384075614,274.80203078700094,6.490120231797736,254.42807224407898,5.254144928903744,438.9253705939127,8.095950838164159,305.95738255731516,7.925986507679495,292.84091564864116,7.879876856917747,76.8439214268718,4.8797401473714395,236.2169661611538,2.141643334484194,387.10249056579414,1.467111956499366,317.617440525129,7.594559233572235
vid105,190.9284177431751,1.4070257613686517,296.49876641857577,5.547756827436581,93.10394479316241,3.7656692355777572,356.14174114787164,5.985966067388135,222.1744717797798,3.6861781918457663,0.5342841160486183,312.97493036554266,2.4012413947462896,432.7992430819045,4.548095254549809,232.03592198598886,3.232421122682515,275.50104353925667,7.088085225094389,148.51458830984785,4.874979837818582,475.21775000935855,8.77891138579039,215.5444058106515,2.9480004455716564,106.68190811406836,3.2444423431585956,314.11986018737946,5.845964035602219,181.39991558855482,9.100407360513747,212.14963962104895,1.4436771824165424,321.1139464477597,5.146547217440457,298.0547415815922,8.953441161360297,258.66901573258315,2.0093887551525507
vid106,121.6799965159087,9.055490764265794,482.253544825278,4.143227273213748,192.13398296032162,8.592517968913441,482.0776515547698,3.1984987730318024,270.3128054551893,9.147280501924941,0.10519777838347313,366.8537081000574,8.867101351348591,300.6356488554401,8.108951510681429,80.91112934555,5.311565314771955,312.58309775794106,5.416965796950885,263.80896135230677,1.593098141580816,395.619549344066,2.026006627164878,66.6979444034083,5.188294985673459,304.6426843491878,2.7949975821502195,248.30189082533005,9.265442302569548,395.3873035543383,3.3427356555746957,355.9208174356402,1.072128914423625,158.65259696204336,1.0097677857140845,478.24328935904197,3.3441641688902464,197.0366402744532,8.966656726089724
vid107,432.22353531036737,6.391145502368879,375.2747692494177,9.820697782226343,283.0985820675684,6.900056754335191,175.1122157586234,2.170567170010312,171.09987829234254,8.482282057462236,0.34186694890419106,88.56014975312327,2.853427358822862,256.19088712097744,3.910805481774251,453.4793592998393,8.62030693432517,54.178989774937904,4.563830721790095,238.9918600214444,2.72546310692403,73.76481741031189,8.603199184053228,341.55312132788794,4.185621247850851,68.69189161658537,7.369108623521138,411.77892550465486,6.053001192855176,207.39633653886972,8.354915415580342,203.55670509623144,4.4295446638177385,311.62159497471043,7.943498059504222,222.80012089678104,3.639331644316118,102.40761420795974,9.92361543614371
vid108,433.4288362260901,1.5134343280195939,229.21540646848234,5.718637242015535,192.7009362302136,4.90597488268945,286.8384460875384,3.366699725507959,482.663034717237,8.013633481691876,0.886840796211818,438.30948961293217,1.8299646215108165,173.8966183493339,1.840542776673698,181.75429384559544,6.671823339363027,131.6598430188051,2.3300771106639453,392.1118324369174,1.8100843708920056,249.50130754972514,7.641087604513601,431.30283080719886,2.9667750098417476,471.602345290358,4.198531387017693,274.0009033883422,5.833422244836785,437.72370725589224,6.532480174656843,244.8805158877877,5.00312795369012,102.05094916851044,4.235600302339992,61.52224440964807,2.429706486403771,360.4917818502946,5.943034821265648
vid109,456.0836076400964,9.308877907577882,457.4090566853397,3.1333144118061345,92.93516863396889,4.677887799539264,412.9896249759749,7.876773875161337,283.65479253057526,2.4899432119803633,0.8843499498846845,252.2899398725883,1.9348398595735568,252.69906791882354,2.4143441694122902,144.82555020946006,1.0299173512262219,163.98659475861865,7.075638958792589,357.8007914611863,9.595219859339092,477.3613005878806,8.142374993314288,452.2791729711323,3.474047218047139,197.345264581963,7.955984720043433,444.88880145210624,6.371104561153452,79.61970372714555,6.041287565050753,498.4224841206355,7.837124657798622,297.8099353871679,3.6544567724156,437.2245599113141,9.693569365512964,69.68368942371002,7.631723224110213
vid110,283.43163281071713,2.029303128321082,490.4326594035548,3.8368418766810493,243.83742132003064,6.81629094346313,209.8005354313338,3.8922515301628495,365.7809803367397,7.684006699714203,0.30008233938314516,366.6980666140227,2.60472551618887,447.82901023355674,1.7255224334649855,301.6926295765878,1.8760644909909958,87.43964067313196,6.443793634925343,370.5158448039588,1.914336645549846,139.9644730115279,9.204488257866595,336.1909350967703,4.221695982271317,335.65958362571695,9.268986830589878,302.5565135768247,9.350910081400615,121.26598400896371,1.4036968060711694,288.6334685510332,8.742560299284559,443.13906821460796,2.432950432410844,355.7975197766793,5.721986634088252,215.7054217193592,3.3031413006106636
vid111,385.4561195327623,5.916910012553263,263.3808247971326,4.68853783922338,331.74250763707266,6.2677187626165365,126.16018838883352,4.024146951424042,212.1043633454761,7.3848437655166155,0.24531191196756047,123.83789049091126,5.995790359024214,259.392210041006,5.031694423885569,431.4612133164635,8.789251388123276,173.37728536482908,1.251154063545446,171.93609791852376,7.070253666541557,445.21373904132696,1.439518807711213,254.5350815591175,1.1844062318278048,297.3298293758449,3.4229205585291838,263.04764706257356,1.5261946631606416,129.53509985375388,6.256192906161802,470.3200101343989,1.8056043750859203,432.0062827033414,8.971124635968359,345.3236468138586,4.171848281301072,434.9988258688115,7.932938635780104
vid112,441.28065182242943,4.7247508303095405,255.37149141632594,5.208580161765938,276.9563436040796,3.593635534289052,188.36394095534075,4.425999775461495,480.7867744355604,9.150322101232828,0.7362260603244869,404.41283559704146,7.753931416342107,497.0263494163761,2.661551462348676,458.0878853492966,6.62671865852078,270.3444929403967,2.5639484494501765,101.8212457127607,9.862856840501388,444.37726020973116,8.122586506513247,104.14755961705342,9.731944661558817,493.96325540707164,6.6621560875650365,430.4882875767253,1.7866993126156956,240.53585231923736,5.157754790361845,95.5170674259538,8.908323628655717,196.8693756528264,4.134541518906535,238.79660510082243,9.19673705984028,274.3804294532507,6.420889646356266
vid113,180.40681708369735,1.6473220710834109,356.6300808418035,1.0996192915924716,340.0865917148908,7.5463161659119145,298.4183566847702,9.60037991815655,477.8137714008598,2.733176555941615,0.4529654903925999,216.10213129873387,1.521894953453607,314.97234595697194,7.0388733212589605,208.81761812638536,4.0551863769882885,496.75128017090833,1.320225564192836,199.16209856163363,9.028444633382298,445.3308945253225,9.856554026983765,112.15796221053247,2.5315070110660987,414.6140130497038,1.5862613116900004,343.0448593270141,5.603443321524215,210.75120291150805,1.078852140578047,267.3428729205175,1.5046581071152239,396.19297023264164,3.9614675244450477,238.77185043427812,9.303645896259503,303.865334966452,2.466797089559108
vid114,105.75426827904198,7.90065207087592,98.7619530898921,7.569258883583509,357.27771786070946,4.222677272987911,135.45413238388377,7.539721410200099,319.0696964513805,8.226035890166326,0.1516626353171697,290.86966419627845,4.622178806539506,91.93778017711176,2.927104035962726,243.01176894438248,3.967696376171,140.56786765046942,6.825534739341716,402.01726569982895,2.7093221662715843,161.75257228381616,7.449763348285578,61.82471870315861,7.888526878155897,209.3778915421554,1.8748875897533308,281.6473498372226,4.319945864623768,357.7088386195104,6.745713505821708,172.03371818012096,6.326889799717995,213.83045746246285,9.771635523062471,392.8058739093469,3.585006706818436,315.96205294522593,6.987079183750261
vid115,437.8009691421083,4.043777085497093,70.98061740226497,7.671686808446068,163.58656112721246,2.655168735963009,494.99329811014513,6.233233192842517,225.4193054091939,1.9587660819525188,0.40849688210278723,386.0280825182714,6.785645660063594,297.4316034369265,3.3976741960156223,310.64377842402104,1.6573122675526624,376.0271236009184,6.216692008467988,318.6719697744077,2.616745807958938,338.35415759687186,2.9650679155305726,243.5079994031438,7.963021673936681,187.4390492834915,9.316374271871979,227.30516007700854,6.254489431634912,475.0761835268064,3.509558997254748,312.7421507681483,7.81402945808034,450.0634978424353,3.877587595094768,468.07610885635535,8.220793033684158,423.0366833988398,4.695930451010251
vid116,339.53111335142034,6.198673862138341,274.0323414986027,6.154430389715093,189.73512354993989,8.250079002281101,428.21798990958973,8.162377198683078,50.30811187713597,1.944816631123182,0.47604173163603725,221.05902546982108,8.94142037444394,228.11932481150077,7.121255259034584,323.2788517188877,6.371352973005093,383.9571213706201,2.30808311214282,235.5266027583805,5.196083585815125,63.7735090613284,2.85759865917391,483.94496609685046,7.951181076978913,295.58456103495575,6.459836085734853,418.585573854494,9.928885475355504,202.19819207438087,8.436516625979845,225.64341217567943,1.7645375165584491,419.80091942220037,7.42200733236621,101.83339290042409,7.544469311408895,227.85218966505403,6.202630823583929
vid117,368.14279302744063,6.05468639591277,350.9693017352182,5.186842934276921,449.7977859362911,1.6621392802462387,255.2176234916671,4.908326138181561,82.24172065657754,4.746351028957902,0.6306404417784799,213.87905177322583,9.210807485511038,184.48035021626956,1.194526990490223,342.81701058163253,8.377235378937245,438.63881675578375,5.439691540317615,273.13110042876804,9.62938533856579,337.1338039215797,1.9168372977159447,226.58221238274854,2.894170590282537,298.9346394867409,4.426449243640431,329.36935333777006,5.834686733677404,137.95426581186342,2.5439637888888535,151.92775957410396,9.333379232996993,232.29042522409136,4.409718751627429,161.81702313450637,2.1438979815916834,83.2583816257052,6.952737586377044
vid118,53.686124703712075,6.335905691574643,449.82655427403415,5.9295918734222415,301.0200815971565,7.595011502579684,323.570776265424,3.3136646691181646,266.64471549490185,8.988515879200229,0.6323419296722508,130.11615541265897,7.653178892587048,260.25935485883053,6.003611442775002,324.8145783807533,7.211837794266581,491.83622292147885,4.128811963717755,274.5618018074749,9.2886118902127,103.9592747094639,1.1996067155764307,248.83760857089965,1.8784663984992092,89.29252607754384,6.528406288388576,328.08877090623844,6.050731150398046,313.8246727526459,1.840790442140452,329.7844459853511,4.113317633299331,324.37302368987395,3.7832664741799924,445.2313817102542,7.454591262532526,203.71408149750008,3.972080697763287
vid119,0.19853617250919342,0.14115792512893677,0.08685833988152805,0.09934293868858514,2071.2877802106113,1471.0638478398641,2209.7020083713523,823.5021023170802,4133.187966558873,2966.735655696159,112.34714673913044,0.5803885459899902,0.275082528591156,-214.69491577148438,134.08563232421875,75.65828704833984,50.86383056640625,29.465538024902344,35.18840026855469,41.808536529541016,18.978981018066406,16.546979904174805,14.579991340637207,26.236740112304688,12.114348411560059,9.574249267578125,10.838489532470703,6.666578769683838,10.18626880645752,7.201209545135498,9.635153770446777,7.507504463195801,8.425907135009766,1.0162467956542969,8.134648323059082,4.31739616394043,7.346998691558838,-1.9275383949279785,7.170786380767822
vid120,173.31208163662535,9.724844765165367,336.4005760993278,1.0261403764418082,231.75580484755608,2.938023837903886,195.83214746430517,2.5833135331850396,296.23012335782124,1.026285093462588,0.6720529453984345,367.09966025114767,2.4519763716488354,435.53594641944306,9.866872024282443,376.25254200125636,3.4558441169214342,187.7713792815548,4.33466470771209,126.5136988272223,6.366785223503665,465.7312662088904,4.698276073334503,377.34769082143714,7.951346634120885,127.34865801890649,7.10810148577137,182.01203217906064,8.830322659799673,271.02391405579465,1.4477618897935285,402.11025960367084,7.385722519913672,236.57122116279578,4.202165525724846,357.807249842681,1.3974592434269597,209.02614195654652,6.869307029320934
vid121,356.1616859438454,5.301014522495786,113.38345081946758,3.7314505870995487,459.9960667494504,2.187653268916703,118.62353848262221,7.331302007308076,156.22683060930848,1.6010838293597214,0.4053313858192119,277.23461896891826,4.4912191488292486,417.2007620524568,6.476149845194557,172.314082449516,9.283995564493578,491.32152312398387,5.096812396860213,239.98615666539445,1.4853181084196516,339.53446597143136,6.332551813976936,97.73241365724546,3.351164824453284,349.2672105006956,4.476148108324557,473.3446463161338,1.5607876221941146,460.2481410478213,1.2784529760396093,98.70655257914073,9.196034295169012,452.37342716846825,2.0305243324699234,492.7848332414209,5.438656913155601,468.60969187213675,6.959892270347384
vid122,251.47380426840166,7.674026057373091,469.73673630733697,6.201648231634762,57.904558550355986,6.749264170498376,469.7651860515241,2.53738436466261,294.0615444388684,9.359276850581738,0.3444023434713269,109.47578045748068,9.711702631582707,464.2598126012019,3.6198045495935776,66.3167433346492,2.5593160319595945,353.95143777445486,8.690875071478384,328.7531605562705,9.770411826177886,401.2592717370641,2.784016878115303,474.4934635368946,2.0264774959352465,329.2389607593306,2.6140308708115483,415.7934668364241,7.058326128433279,222.93713562555718,5.848523017669425,487.70899775187183,3.6603134031956195,227.64121813285104,9.496252790842648,148.2269617915366,9.032032841086579,447.0817640961895,8.65207010147258
vid123,421.31770611145475,6.01968533377866,275.51675146221964,1.74397602328062,438.99976287623076,8.6699773616893,283.86855502387505,9.895562085711346,106.43594048100994,4.834080165486091,0.4698940482165821,245.64185941737122,7.806219408601509,106.08927384498054,8.938738789669166,287.3184365773018,7.600899697950323,462.77668493950455,5.259456228104308,329.27881974809117,8.14034384419011,101.62431905712134,8.107041334574022,361.4714422791221,6.966991645019878,332.64013536355884,1.270355548118454,91.44833840731243,5.359059984064616,192.9469156047866,4.886781910019742,390.76611810389545,3.129594097512567,157.4955256892552,1.1260302081917222,117.1318791287876,9.40792910365913,337.25975562376794,9.717658310939795
vid124,264.6730376819966,4.059449681971049,328.03589989079353,7.606952403451794,85.27257709313933,7.783251979785204,421.80048260199635,3.7673569198566517,471.514889696934,1.670733862431641,0.6707367530536733,96.26625295462534,6.567507159641605,363.290221280788,6.714653928184323,365.3496039887335,3.602767368576588,369.22226576010814,1.6088034480807236,198.3471981361583,9.590590330465075,304.2232938712259,1.1708890384570292,370.93349519226075,7.870045298980992,165.58240637496104,4.867532066786849,78.01436440260716,7.786397664381554,150.8027650629491,3.378579823114405,475.7551885069195,8.067357297010624,188.1977725681927,6.60712768745155,398.3037856508911,2.924532956871584,459.8867753812721,6.664081437233021
vid125,405.2552697853797,8.81564297160788,179.91666534231194,2.7857956086614317,277.3116562159669,9.092216251572115,81.55357371141,1.205139760530249,247.19991732640162,7.560285798315029,0.1956067778714754,214.47828363576346,8.68733949332746,187.78972350854832,5.567193253140518,214.36429205095016,2.09731119870069,302.7294948975617,4.009677701345023,157.7219511443521,1.5539116253771965,239.57625722908074,4.346113081757979,296.63407981871626,4.748282431143869,153.58764719134209,8.824139269835843,354.41847267260795,3.708862357878367,335.1465277688707,5.549251629884075,89.72033453854823,9.725475740612499,479.780518204294,4.977390154701468,422.69595545656506,2.974124052237946,217.15736565766596,7.3068018427922965
vid126,431.56310243293416,4.161440813855149,300.86636683259434,2.3944889229453774,462.02173069600667,5.033969059508802,366.06074208585267,9.597709087930216,268.48733023225145,3.9545478321700935,0.14746810421507633,445.3129825166109,6.705870939424377,258.7605250713351,3.9363077861986833,228.2342519638106,4.424712789784982,455.4479674316678,8.759397097282292,50.43585667741706,8.65717407602023,96.26828274524412,5.382053107915713,78.02952737128297,6.392222499944688,473.460158738945,7.03247929951352,91.82505199621795,5.792278855700511,117.2071781262277,3.345413610423318,136.48508630720966,4.864070987020459,256.54489860642934,8.626836469604298,348.17788927839734,3.1031653730461084,106.4082462016534,4.352336294163895
vid127,367.2569938403461,2.9387783997332892,398.01838368128426,9.68087877542413,61.13049628471644,3.92836931913908,197.53762089618877,2.1354785372135527,466.36043570971793,5.4177294163708485,0.2863939543850756,193.38607723989543,4.349902928716327,464.25173392284114,2.695426713329952,97.65858138996678,5.43455094675753,491.38481254943383,7.433568874186405,258.554185047444,5.23013592178499,298.5310693005139,2.5408654537754556,462.5856343074737,4.540331949932302,442.2086919972526,5.5548548851158595,132.6466683040024,7.185797385087598,379.47019937566273,4.8022925860477725,78.29388405346339,9.982952030513513,339.3167900924193,8.622572162250211,417.5313347670195,2.522172834166301,444.48565275774615,6.000754363272529
vid128,432.09879426539135,6.05068432097343,151.69749839787454,5.429975094557206,372.3279566550786,2.827634620086688,87.29909942020922,6.838819093076561,352.97876090870153,8.02991502393003,0.26776521809448206,262.570173318201,7.475199522505794,206.2426949656058,6.367029050283627,453.114718527129,5.8182074890444175,275.9071264861686,8.693598364177525,78.38668670739472,9.509978315442687,248.06304940909916,5.767738157745482,311.8292199187548,8.997634288602638,100.63906751337831,8.904366222744954,324.7833320273513,1.937278757460387,214.23615744195058,1.6531351513725867,240.59283056157588,5.4795533070331635,314.19038343859444,9.111848602328545,99.15910330838696,7.743356524640081,111.4610300240055,3.0076025747107464
vid129,114.46232911090188,6.944138778420514,406.12442021400466,3.337557691028669,183.47342439731818,3.9949321795851374,429.30899345322086,2.509648083608634,366.8042431538762,6.686076804645344,0.33587719023970064,203.72293503634936,2.074556324722512,256.01814411651213,8.420846270469443,189.90181929857184,6.6740519139367045,458.48224420409764,9.11398012577357,93.86896429523043,7.99659320672411,369.3073958548163,5.181674080659842,414.94592283110796,1.568151106636059,261.2105182701172,1.6981978217249423,330.6792708204609,2.1696866192125173,266.6073862202629,6.5012398031543785,324.55485100825825,7.487872455354734,345.5019754431949,3.527688509253034,275.7275533391834,4.1724516843874335,366.5889382855671,7.32856259632686
vid130,324.789280833578,1.5297049530148732,230.83092736240062,6.585707585802622,260.62329813264284,7.241322888846059,193.99694933345364,3.4517106235733817,460.4542473150208,1.4033337972404765,0.5546117027947876,374.7633144952099,5.000047260512424,262.4605602815841,3.353486878603756,180.55848462235835,9.176492579120497,463.30062378702087,6.638228407922495,257.06665289908995,6.0385377593468705,106.8400359097412,1.1957906524090165,125.01312612231656,7.828440979521517,450.7583535379246,5.735535105729981,141.02958880118013,5.251924537682762,485.3997778377968,6.889485739041142,140.86435479846526,7.890878250041969,80.74645331774778,2.4852490872789352,342.39184766770967,9.084815446527259,409.7309505992715,8.465420474702933
vid131,248.75821615646993,9.75214985578106,476.6331007867989,2.0468480747520554,208.8610428235991,7.07189244340038,344.5303748968197,7.228571737095278,164.39743013741543,7.290465693969502,0.263123406310448,363.80125101281175,6.161501248382072,239.73768071264465,8.655498037307021,325.3259860373106,6.789362410493352,398.1707072373639,7.326166710025287,397.2339118262995,9.451573952468019,158.04976240950236,9.864517551679542,162.39850038468887,8.740809119413296,446.62274726508446,9.248782508824183,132.3608850096716,2.9160066850068773,422.9362909061414,8.925493897812384,220.73459847426446,5.009768603916463,256.38950989886143,1.3195679681798662,230.90096617665938,5.865391553530458,452.84288033513684,8.441502701053246
vid132,253.32925369430308,7.78306494526017,328.4146289791572,3.8573140134458113,265.6491312669906,6.036629214600092,285.18849778639697,9.91686484580899,474.5852860870659,9.275112185647215,0.27295500184800436,195.1308117720191,1.313943977019751,315.1813582650612,7.6477555272457876,85.97626005017756,2.7432222340786994,56.93781997251542,8.7461579902907,139.62191211685843,1.1663118052614208,453.52962028417556,6.714511576518394,99.00799413387188,7.0737867295141985,419.3985753676626,1.2369266428583447,93.6415524099715,6.346370162160567,187.2574874091126,5.308555393746165,291.18832039302197,4.848214155409146,465.8742806202221,7.3382045245840475,226.04466758245835,6.742149631484891,272.6455253294221,5.22499482043173
vid133,100.08656169389643,4.979491767901367,181.93666260541877,7.149750555372968,304.62007636986255,1.3655359035988774,163.52000548803443,5.082501589653215,342.458443252295,8.650436178679932,0.5977878718785056,415.52312624070174,2.037694428335178,79.61924694322252,2.552853805715146,63.731741937245665,2.575138248644673,281.2353940153376,6.572479596579283,297.25667990880277,3.066923216298599,312.34974080241784,7.976247426222048,432.4213054379686,5.268724043758294,398.89900700330304,4.186718613702145,450.9935124761606,9.341868271835338,440.4639579416996,1.6580377497106644,232.21007407853756,5.140248285603602,293.82670987078325,5.712184829927601,252.03371900729738,4.960153142378289,315.6202340410055,1.320346400946531
vid134,451.6457382991144,4.871839797565768,167.33419599559105,4.505446393962014,189.59465748814003,1.6207842370639438,176.70354832043074,4.7837637064627305,386.8257362966242,4.064896297061971,0.15836589923995997,381.79795701635027,4.952473454245803,237.19053226938166,6.140130095167569,56.0784644484438,1.5584713746547605,77.60990059190452,4.038403498475655,438.4613357574669,5.422153772901228,285.29399443710906,8.493309648287742,98.08317402819591,5.245798676936192,337.91067963415657,8.37616723164372,394.6508640289371,3.6732492234581753,499.07957085318264,3.6878987165669983,136.55587916962588,1.1958649580778533,394.92335800391845,9.514895994812878,238.937326004476,1.419136720985542,134.29663590341733,3.1871894416420683
vid135,76.7090749787086,4.535398492227717,165.70213256396445,2.1484620283708233,368.1873427896155,8.070269627007207,125.19584641378798,5.398496393512525,341.4947051796801,5.4222845281408745,0.18075288938777412,76.64349551511458,4.121584103750767,86.56284016305564,5.371190446987768,389.12343255628394,1.6438315722788053,157.3649445468107,9.63552510991942,402.8124243318225,8.505707881133155,383.31229365098267,7.702025687071427,472.80473148428547,5.94362491758413,477.7120527151004,5.991693142678,119.53498133711521,8.22422510869469,467.8594858326926,6.620706390782768,103.97115852336769,2.5465851183682604,234.97538091896246,5.1618408208940565,121.53295297433849,2.6834438088617505,455.01723694648234,8.171703896329667
vid136,361.6387928324908,3.2941329272854265,291.5930651909538,4.311715074797911,310.0144573036546,5.477133605580086,118.67523569024733,2.360685430574791,244.04709554702995,9.488461383018004,0.26519827928109685,260.86094411164333,2.4714730391098345,487.31169487881857,4.861151336435059,274.0101473971579,8.02640770482619,471.0522158309371,1.9430081303619684,458.544670221107,8.02030295222442,159.29385066796004,8.585398356942301,59.32361189847332,8.311991063305753,223.7213225307243,1.4454861695706662,127.53560928837231,1.8739480282964356,429.94485694617003,5.474914989635101,377.83067573272933,3.8969305906448937,305.3680967735452,9.304395050289674,457.3239149306606,3.1821785719255917,110.56832051054596,4.5149670323399285
vid137,177.4442653651413,7.257932068824128,442.16340124064493,5.5793627529593595,61.329600083538686,2.629727746090741,357.71120267770516,7.758812422072406,275.11284047257334,6.258599327509973,0.6891608616648093,193.98796944642692,5.314524643070349,176.78111039286574,6.1656493785965045,314.6395086207784,2.230053840523145,344.51819132459093,8.190468532211181,215.04059255415538,8.930505092199645,414.80459748082455,3.2498045524837558,263.9604172636134,6.050899578515633,422.1235000387797,9.68271062595853,397.6148730354829,3.877619928972986,494.5519236315753,7.585568645790691,81.82781531380215,1.0478965541114147,124.74424691752958,3.2313517668330594,209.1473259402795,9.87678566777324,340.561866772381,1.3565104190940178
vid138,83.22133191362744,7.884039385288703,363.05716206260104,6.838732902460933,110.48178819754128,3.033423886849666,465.88391486702733,6.984491100100209,197.05335782818966,9.38045879767609,0.11112978592447052,287.4242718597168,5.891070946538209,176.51898760645247,7.234304156964447,216.36601051263068,3.979804488923664,418.4401683433594,8.312097426714438,339.1883142380777,7.42131269046962,484.13657968608135,3.734846397570438,466.47213163431155,9.013236057562402,121.29464202028322,6.531642486867221,104.10450619215018,2.67901428589818,86.46858793562099,1.3892426510310387,278.06414620909254,8.04208780357801,454.3693522683867,3.8486119527946245,476.1016632081636,9.967784226017017,415.7524700410635,5.0820534075160975
vid139,471.0692560489266,7.088669173256499,68.88947461560485,9.421618908961815,296.07136160359585,1.1967517589887735,478.78981524226435,1.1148455781159972,465.72658929554916,5.154228169536513,0.6900181859487345,358.15282320208627,8.969890273821342,441.29897574664545,2.155087106507031,305.9090691295968,6.55850632858901,155.16947405918225,4.518990016746299,228.5825316742422,4.509042149614059,178.62034056378212,5.445727291908132,173.10273032527846,8.544480316489109,108.49828634991736,8.843668324472286,296.60810148439936,9.888714919099607,436.3354030856844,9.23733778488875,255.8057098347394,6.518947507123731,245.121315893408,5.723683646477304,74.51917840288323,8.941678153234403,456.7002340337352,1.3003778730894449
vid140,434.7523751220526,3.7112677672446526,80.74565612156866,7.8822869551868555,128.91875722548724,5.140580012086401,318.2517705620319,5.592721918552878,395.81033907570577,9.238085450744633,0.4086576016475094,389.5568359534857,3.2123667197581582,147.43340934318775,6.374233903032755,162.97902291292434,9.763815628354621,313.145127920208,4.564344491422402,242.55501039454964,4.828341192974259,288.3357872537751,9.991504896861349,360.27143592477023,9.298569252040384,90.70001168630198,8.991929281054665,325.42587861720887,9.794916063062084,110.14350563422695,7.951517126849837,468.7762779019063,2.040425153620009,376.9442516467576,4.854535532466988,401.59313642678535,4.614793330292471,457.7645427884793,5.757423035659464
vid141,134.45841600090318,7.179568465792591,254.1378979200091,2.7115159800302915,155.46582373461624,7.676467718138847,412.9839508422255,1.2239580849254694,301.86567151138513,8.260807828167382,0.8441178962455206,311.3320550287884,6.562107160787859,382.3065415944139,6.727318127589731,230.34244454611317,7.9127972339651835,195.30778023487596,4.0028283720379445,305.77489730322577,4.177330349279009,52.65654786328325,9.44670319779661,178.75827811628895,8.37745171138522,251.12095628178832,8.64322678187115,378.169927475885,1.9504540129988008,246.72306674556214,6.952645171640066,218.31456563811608,4.452332921926302,349.3167213869058,8.969204828279537,65.86949629125338,3.2866309290830724,417.588122401492,8.351211698724676
vid142,75.95918905472348,2.0480508854643293,233.22783988395835,2.3227622771488172,491.4215864607514,8.574198890950122,218.26392018350046,3.039196285636402,51.898902405446066,9.616866415006722,0.8126327406923732,280.20334523075473,2.2922260386909725,162.35799082423358,2.5540210302172426,95.50680073268697,7.505873820998124,364.65397528796984,6.878699334716101,448.7397026605879,8.715672638707032,123.69883880973727,2.74365018733203,237.50015380824578,6.803629123154877,375.0417126873848,6.501284748880671,127.08967851672533,6.116738835331542,381.7832218954961,6.07597243738777,85.44564016802309,5.833716837422474,129.45176322704862,1.4108666492719797,413.46458113283336,6.247448973267584,176.2188272800602,7.263344918105004
vid143,195.8586298916525,5.9837432439143035,265.2411628147307,9.165611841697288,188.64741036915393,2.310615283994392,393.118144667263,3.926600816156982,191.24055689939144,8.623313570071598,0.7180336676905535,252.35853288800487,5.1062426323657615,443.99436960541954,6.586509245270838,279.53135648142666,3.284633351568332,467.18680137089837,1.5517168668671961,284.9264951092871,1.8235014817651258,55.381513182533,6.331082877763658,388.9798911050078,1.6984854737522839,223.72726959529308,3.689209544988999,173.46829773726017,3.6664375005352623,270.8642779562944,8.241167238485147,298.2620041100088,1.6196011604454772,445.6529671557498,6.56809595343364,358.22708499106466,6.861331853366347,119.49497811454565,4.725052886668726
vid144,67.50706194019011,4.998901407328026,354.9661656493336,5.8036580744366795,218.2146762856176,8.525080934060874,60.59152903831175,1.6478123152773971,399.9824075903322,1.9800232641908422,0.5098727918109298,206.27538067832316,1.8279817547717145,396.16885730573836,8.701865007173883,483.8528902985645,5.590245931678433,349.0142206789419,7.065474376433203,419.78462527076243,9.282787386421454,79.34263789083278,6.349870991845108,485.7038862570907,8.351747851941294,147.63531197827666,9.43122297029226,311.73406781240567,2.6289419959629567,181.7687140389366,2.8516410307100717,91.82194489803511,6.437109281736236,371.87509926980675,8.698202746735774,195.30847103545216,6.219295905750924,336.60557026204555,2.19792049225228
vid145,376.366644186241,8.434018886718837,446.048263147801,8.639394641128348,127.3928367939586,8.593825118561835,199.3067024417213,1.3556701328664058,199.25394839131235,2.1188093991376773,0.7251977033630133,376.085319636914,4.778449717348543,404.0452541784533,8.012326198059865,87.73635320155333,9.719591705432492,52.07092316952285,8.126472536933647,71.46873773168404,6.509590675707017,372.2747255175098,7.528032414352149,292.5987194317547,6.296189138012085,98.54932468889054,6.188787452020908,340.7998605686074,7.809823129483839,250.86448767740762,5.887091164373634,171.75793293150494,8.009904444707693,310.418665914164,4.466537472854004,409.39619827878704,8.45002800839719,301.8424803352193,1.4908560808599929
vid146,430.2772200764506,7.670701451912853,340.3571435093997,7.907598293193312,438.3521504698358,1.8449062436050965,185.28432705030562,3.895469298350858,173.3022683936249,6.484583777654138,0.7819709106126983,128.01692823632152,9.977310308052157,271.0900462114997,4.98473176031753,321.3223589440747,7.5618279667478605,131.00843941961614,7.863124390088942,259.55213462139824,3.649216927716168,459.5992354337433,5.451066147414386,291.96681386305886,6.227752304185132,158.87742720957007,1.5598384039361894,159.1577365312607,9.49151682621044,148.79429074722384,1.085477182567673,242.09535406646745,7.882996517220207,383.8864724794397,6.7958018824209745,404.65370127292107,4.403559265412033,263.205926042433,8.917860322757846
vid147,216.96831248121296,3.8132244514790683,473.7985566341101,2.045859984490809,328.71397090318317,2.321539654059821,164.13120025813916,5.352817273201326,315.2632531186621,6.76104750543255,0.3993083214258427,183.5498320473271,6.8925978214942525,179.92190693880022,7.132714492414122,295.0840201212624,6.983415536194881,408.3675043946222,8.844150894551728,255.22801461463823,7.220666941566403,415.91872440986754,3.060191885384507,436.2274259709237,1.5767572335535676,98.5315379945338,6.322098328335193,224.4092424650261,7.21348612941867,300.9293529422098,9.89784992033488,109.60293956506743,6.923672214746286,273.7219904684505,2.5877068607411218,343.83842827017594,8.739546497025525,162.15912532339667,4.876986696143588
vid148,326.96487487234344,7.1790466899084295,167.67002415914538,4.6242404435790245,188.75627199222478,4.79588780474107,279.48263209446327,5.369983465617322,342.98592592436006,5.930260250093092,0.5633951862952091,396.27358190221844,1.8071014715329303,56.5501738368044,9.328437408286128,95.21353167080886,7.352744490535077,421.9357412103818,5.942016852112684,438.8775188858647,7.8637202097633505,138.7211275860992,7.328186535766214,290.4814375885564,1.298078401551022,465.0589491624194,2.6463220131038665,480.17767524529324,8.539144563431938,420.6696992443304,7.404052516323741,72.00706478076869,5.583641517663774,164.51962158127918,5.486823264528965,192.8652561418195,7.23024407285182,472.52305289437936,6.688774944851499
vid149,261.99590119438466,6.272053947950153,414.4048667705424,5.876659101985351,497.8560756677042,2.7332347872535294,467.5588406329028,1.6655677478475812,442.71845672595515,9.736733511881889,0.19670775682604777,96.32031469758363,2.7798832110243223,194.9127334627953,2.4702523618427152,353.24146894694843,7.965197016513529,388.7679602927277,2.8366816662375642,213.9490989355401,7.916949361553856,242.85929339959054,7.889094991811772,187.37604616577946,9.552071677315858,182.31294318521407,2.026521823097771,471.6058278760151,4.955238335671576,430.00866951216835,9.453880542056512,493.1984914234922,2.8121398927896237,109.95491222508376,9.695011958188694,270.10052065834736,7.177764506780899,237.85047136763092,7.1993578006667045
vid150,258.5089712135948,4.194974802910379,413.58619159046924,8.17001863219376,462.2274719419557,9.082020919146187,58.54519891291716,5.036972452384424,449.58523168347045,6.741575995720738,0.6096036513277078,414.27846017245156,3.8965173328316984,196.86369626453623,1.5074461680856803,351.7615213028017,7.064503728424933,84.03569294763068,3.186288414567243,63.13148879169416,5.59833919233029,318.92382577674994,9.653036184595498,173.67071996223433,9.237299706878307,117.89075008882666,4.825275255404125,339.632944602948,5.958304135765509,84.20363127266944,8.416733061860377,177.11124861881717,4.8120824147874455,288.9486944985399,3.9469352649305307,330.44182874764743,2.5327413072550384,69.02600303012939,4.627955711055712
vid151,285.9653393855848,8.812999650314243,184.5191291045481,1.4749914150062944,199.15811534155026,6.049826661325387,420.5270509142174,3.82274996136514,284.4682146367869,7.402724195925843,0.17838891404792695,261.9683600002398,9.858531155289379,272.364565284081,9.881881689008871,256.0906024465464,6.487519731741481,94.38783324976671,9.71524361857712,295.53513692998956,9.974161612279536,157.82798282629906,2.9409916924026,278.65050602116,7.013419182857633,247.40973038576166,5.525339285169108,138.88802544761046,7.526923158857782,222.1419100036714,2.716857279091732,156.80071089144064,6.023602854104532,383.6355511666029,5.103540299490846,117.09890134408815,8.484275502350856,264.32320248653383,7.5172217448780545
vid152,233.91780099245722,7.600023570860852,362.7968947493032,6.284013882841658,261.10935874902145,7.504174477033262,474.1010661232376,9.959466830660228,329.06758248831585,5.048343628314853,0.5123594088169059,313.0940363926795,8.550644154734677,488.8213464827288,5.105135198310568,483.97699179665915,6.576540248764468,223.11246862750122,1.6238930691135438,226.19161396888683,9.559727122294445,246.81816896408745,8.851850164482698,149.24224572130788,8.969077989066676,74.99685189801886,5.3435674326597,63.961103470810805,3.6809111391143103,416.46806258337995,7.396145327979743,497.685958737235,6.11190600895664,82.03884817379176,9.709974115860568,80.47621335787643,9.300831175761934,395.02962572906006,7.237094723975368
vid153,261.68456110086845,9.858164024775027,102.74939511549516,7.889217446986973,434.85045990626463,1.5435897377457777,371.6438898695288,6.620022459452352,333.5577287485961,8.583057964493218,0.8157549922625091,372.2606410419646,9.60963338539988,226.37094355728607,7.019842172537913,399.54255975329573,1.0165901673018751,350.2952160798066,1.1895847856585635,360.2247605187656,4.488852712396998,359.6755490656426,2.7027514382542797,64.48443125816874,2.7897919820575288,208.46603121174496,3.0488773527882875,207.18382473861647,2.5650043167363203,56.22559949361251,3.1138769372269794,186.2663105850746,9.300190894297423,119.5030741427906,2.2240153052081517,367.98509826275875,2.3854109655686364,373.5694668794092,9.109674523961765
vid154,392.98880786436894,5.064604485132548,126.78398169422708,1.258826627715818,467.03291278909546,3.878821238407791,200.54243182280658,6.285466628165418,90.37707337478143,8.47344478508878,0.6565681316922386,385.4955896986936,3.3825863302146897,98.48430640529337,9.146484692793214,121.55607056195129,4.940850085604806,172.8774034881134,9.098309004792718,209.55644160063034,8.435583108613212,316.9129260236738,6.678619651488031,286.86089948355107,7.5915165448515065,459.7180611992578,8.393235783588349,379.79682982476754,8.462318234881003,198.9171932932361,7.699387999917498,490.36374431701137,8.191580666223855,147.7673857804147,6.313939138382853,440.2720822026682,3.000853890529569,60.49124568943873,8.440182997006701
vid155,176.57804913435538,9.017909678684633,315.4805829750356,7.215968112225137,408.10236559559655,9.51129003115605,125.20135215006461,7.358039358883095,444.85980947227296,6.678458493941071,0.12089008873731251,110.51845703695088,9.395086166324816,309.5305565478948,1.8475211597894021,102.33850080752549,1.6430912983467554,395.812798670453,8.362178221546218,333.3684856335166,6.0714911201737936,410.64299093843783,3.9923542110145265,230.1155711371367,9.902320042598934,83.91132397652385,8.433424682408411,292.93188262868796,4.277005056575283,263.81100905276077,3.5306348506449137,143.1504742143754,9.000107587159114,356.80047139076834,2.231193788998324,198.67180232486047,8.963149120463939,161.98412496815828,3.585545263679728
vid156,202.89509858218895,8.055270927208536,408.0014264517989,5.196847428985938,112.57534043000936,3.29050714298744,415.3792772446144,7.71942737342388,168.27969100965862,2.8908726760756913,0.45816207469931036,445.6543789249224,7.886904271143758,189.26402663269099,3.4351924261221214,215.24378085961007,4.890570575260698,383.4385042090319,9.884889265400274,359.10687715909705,8.25344876155881,304.4745052280932,4.653258628205533,262.226106195366,4.891251222052081,415.1839531856383,5.437410392724793,184.85207924641767,8.00695485232957,468.1083980911299,2.5094770684030108,259.0759316956577,5.162846134531926,489.50080087901074,8.89075101453282,454.99863262329893,6.256723107904264,363.0477566271902,5.726451383650245
vid157,243.0159719971094,8.735481913146948,256.40013584363396,5.4006040071494095,345.3207383430561,6.1656142645962255,438.4983018596604,3.898329193783537,308.13617651491154,1.422084778722593,0.4309350280692371,115.96103761534826,6.403535636911372,237.1842839085492,9.355465072019543,110.58324542481682,7.449391178709594,424.1019777593398,4.198916293623244,459.8275087792916,6.755981143550167,372.1432338860665,8.555014279611525,400.5894936764282,2.904464985995494,116.08938532381481,9.610692006775084,382.2699702111169,7.24839288162565,243.24345592290337,8.752026379740945,164.5298810048149,8.654463920940286,168.58477907796268,9.45735063496234,166.74769997213295,8.034864710461289,287.8664029977532,3.88005925763162
vid158,491.856371066083,3.9857830882979526,99.96002375051671,4.207621941256923,456.5746626574827,3.948961125612351,277.51193934084847,7.510936024916249,372.2920778776186,1.1925974248717273,0.3745840505599948,342.0705351413537,5.202825092115943,164.79265302117227,6.553605027863261,64.37163119805555,9.188075845976284,466.6968287314515,6.202195074550643,274.17615898091094,1.6734589383827303,338.5082675119863,4.504549750925918,67.22329656215516,7.302973205328515,467.03498377904987,7.985033721331786,396.764046879808,8.446342450974079,386.3860187658012,6.657357729296289,289.89841307776476,7.9579682937747,450.1617890777995,9.241844605269671,243.15007639456354,5.15648898768828,444.40728817811504,2.782251147700456
vid159,147.39932187862675,1.7823436413796383,391.47017408244557,7.740437161468424,181.1533828565412,1.6547929010899793,265.41133859809065,8.777130930648754,126.28413426546824,1.29100877166902,0.18555507607180985,414.8340427857715,8.457816797575878,256.6763473935649,6.2705111082796865,293.63343114518386,9.886710266402078,197.08464395468087,8.63819125759226,115.38776290539111,9.634678914113657,450.7373745750785,1.0811366550902908,218.09849540483714,2.448069162494008,207.69056779085437,7.333090921766108,435.0510840354245,2.883250735201608,239.78692613441828,1.1288678862553088,322.80348382543036,6.810292843299539,219.62327828263605,3.653065174034058,383.702306267513,2.7306361422945216,242.9484199403355,1.7700287465454636
vid160,362.0777305885926,5.641798810329883,276.26487607134936,7.114970769674104,445.53690804357194,7.851241509895489,400.94563137932846,2.1933874433397307,432.28912922615996,3.3453086410859796,0.2681467787348124,297.4280124000336,9.010566765610664,278.7544875512242,6.975911809066369,317.06322186913485,9.748185981046666,292.45398760806927,6.031323410984991,445.8661597436595,6.610810208225547,430.95489149892313,6.666594787011999,121.46584623500948,3.259917274394053,156.2465268399024,7.697291931134637,212.47378571982645,9.133140888529448,273.18076942213946,2.180600239258142,60.60367710468614,3.644656786384282,408.2490759148503,6.815913395711686,201.92263558138913,5.465936628208308,157.8481603577274,3.3126320672151426
vid161,361.0416945385781,8.456978720707053,430.7796503673234,5.763181944594205,396.9548642215185,6.617123555718261,497.96310630695365,4.586600000004119,349.2762641420976,6.527868283128964,0.12962887937749867,470.81623518573065,4.027321680988021,212.80787353914417,1.32207027637073,106.93418972829642,1.6194648645729708,89.43124500096084,5.46015177031802,483.4618461342469,3.5640110628858572,355.5228258254708,5.49678247643121,215.5603331116476,4.287176513149156,271.69807668101987,3.3429111230845265,406.8194363538095,3.4538648192525288,336.81084056420445,2.160684333601198,259.8022925367284,8.945181277658168,389.52051459573045,3.3896846506695733,389.27975302770744,7.3883482495840465,180.07567413880486,4.242949675473023
vid162,77.22811181686703,6.289823554793088,319.59236896716425,6.794928258931783,73.97544650320984,1.518457678141308,228.49904774710933,2.7466976949373034,420.8315526496289,7.59296274557138,0.23790826582552455,143.57793784444095,7.095907144769727,235.29536706722143,6.496155328391086,271.2874761512201,3.283792527724544,187.8751338371221,5.998303286981186,79.51865810998828,5.812788242462445,405.09791418519495,7.883186760326915,52.353332646396105,8.903127406856656,490.26317005326246,7.953109262411971,390.3745736366413,6.790113269625506,496.65271522237697,4.507405680994582,354.2055059025666,1.0317719238678653,465.0012505148381,8.889467157715387,403.7352751233371,4.986356882160962,381.3946790897703,4.367327334532225
vid163,223.53241358057764,4.2992124689884,167.5431375733405,5.996677045146814,349.53148144909227,9.140279388474884,380.1119129867009,3.6678565857731504,104.17742481690117,8.9431960030281,0.7605465441510275,120.33923443782803,1.03046270014165,162.5445568722397,9.194101804721987,132.7021644463727,7.1228338063591,418.7789309190665,3.015910789436946,245.80004337552197,1.5918233507729973,246.89709433833204,2.274039909739613,299.68136834567326,7.56005089144451,178.22060166656507,8.563235774105577,482.7019440928945,4.347641677590593,159.89858356221464,6.5805882593065155,367.4239106428707,2.0779586958260836,369.91471156774406,9.82350080733405,298.4127099571108,4.470320393148638,122.30529353614486,6.6108407279184735
vid164,426.06679439103226,3.2151834144270337,247.5755821739157,6.759057686102668,455.39138473519085,1.6650754533784462,275.3332503685215,6.174703912394829,346.70395431951107,9.816692111935087,0.5481341623689888,144.2616513304974,8.299741486824113,400.3669556373073,4.689797588561444,121.85433438231993,9.525342682223956,468.3352186317567,5.655632653561699,266.18251523034417,8.46898677329619,493.41026627997593,4.8397643011398115,487.18835239161893,2.535168929473161,227.04132402014358,7.83714065897632,185.8200441942006,1.0260496873946932,383.4433205768636,8.300030831600807,261.0087409954799,2.7061845603057293,316.9311534446686,8.214950865649197,224.5977728419423,8.566181134598056,462.51750760142977,3.6850260613191987
vid165,413.1316582772835,9.532159473374827,361.78012444553286,5.256248724170705,177.13398697175592,3.566966501180459,132.717385697139,2.4217588442369684,478.2199199203867,9.598706888501319,0.7933051614544704,462.80058462816106,9.514631213517667,133.8508631306196,2.558210737318958,184.67214131397358,2.3006080159845594,229.20616082003195,8.550672535335242,146.75633591363854,7.722352985117681,378.5764533383429,7.014593166512505,469.06229831699,9.169282511962678,189.64524230995107,3.212827933730299,255.1427173190142,3.4441479081174737,387.23902766696494,6.948832071391345,65.17715401628018,8.543436959770963,341.1226707855722,8.419813123187357,295.61506675147876,8.416053512214777,420.6298793075874,4.660649066160284
vid166,414.8378160806566,4.9732544617072545,177.042113073344,2.0114810630292794,75.86569053904608,2.5663448098151167,366.32964931691134,9.528612098285313,438.1265104962877,5.496926556831934,0.6021582039473349,485.1243419518436,2.5513562684637954,203.44338356460003,5.381746877733567,245.61391583971283,5.94963310350286,326.86830053484715,3.4279513228793816,234.21402479014003,3.036663785391923,310.6789758178912,7.756115754484625,383.04818495657827,3.5498388376528736,416.92635607910637,7.067575698247222,440.59291451883763,7.324885273396519,182.5893678150244,3.104414878523089,333.78254716418184,3.45099278798847,363.67471088585677,6.736070288842102,59.054192852383125,6.332708030134084,360.35555114814684,5.5666260893512955
vid167,177.18551406921637,8.930981965807906,238.66191326563592,8.875613534693432,453.5944053517438,5.348280599644573,209.72051864143933,5.8473343632315835,387.0716174102523,2.914843329549229,0.266651912240074,302.03352985962033,5.77358115771512,104.61720787607226,1.5623749068515462,217.02076591211005,8.256412852757885,318.2708494783537,3.4175672733067466,333.33972096598586,3.486428972319911,351.037058204303,1.7700463055090725,105.68193909527187,9.56074133590947,226.65043360155425,7.229592366990718,53.09342548843482,8.404682449169734,137.06706014714945,3.8284359369533503,181.10182678436178,1.0394345248089691,136.64358472498452,7.657896432300789,51.04333425648598,2.541656359076641,489.7641622744002,8.234472278207894
vid168,138.91516058567447,2.8506677063919383,241.68264007305646,4.419871766831834,87.85084271971127,5.432697627584351,345.5203874622213,6.762159818008643,449.5278763819934,3.804516673375591,0.8706005015196827,409.9163425000536,5.812383907185665,171.13098593018464,3.447804529365829,200.11712754774973,4.658583122617146,322.0117253220006,5.1024620009970185,336.6861313237171,2.003380583484807,101.28341574096699,6.105123064301461,456.00190359511885,1.773001939384478,378.08147179251887,4.667241060500105,203.86251369631248,6.61554114226498,434.3113270175534,3.2817020836356687,464.9167943572196,9.393892473202081,120.57632225466168,8.338632527599488,277.0805920612611,3.0632284120968665,146.64430458992354,1.2610450160576208
vid169,190.17677791192403,3.120829239771504,352.80869198594746,8.486571718656842,462.4392447392097,3.866738266185034,442.1241008291222,4.939817093827715,54.17465594308681,5.968690297627037,0.6805322591115861,358.282072903683,1.68719741828103,273.65465069893526,7.475987421110217,163.52741172396844,5.0476897903718,351.1537320681011,2.478726371704938,123.42107274885487,2.063931474816284,411.0373982740298,5.207819712827782,127.81642937542057,5.037962429411116,188.80843503459462,9.728749154526195,108.19450536495697,7.1679778076008756,65.09556100124249,5.506912375030833,111.44844304442148,7.246781974330435,335.24849541479205,7.499514942678823,180.9406186672164,3.771515912913475,207.1408077269426,1.2230108015098886
vid170,269.2222717710994,4.22541796842278,216.34661933738516,2.705180753487755,236.7755039771301,2.9142600103401595,280.2067978525281,6.987887141959981,431.91958651936767,1.4381877282328777,0.8817674928205083,371.54431866099156,3.3135523366420703,402.22164197275066,3.0374460864819937,263.2120230402742,3.3643401019647494,497.0742664829333,6.938623777155157,411.7426718604018,6.416139020368048,214.0718768409098,4.8225314990472565,151.18719365332356,6.243872561382229,349.6815196258161,1.2886659039984778,216.9710431249367,4.868405358840934,296.088214650204,2.354885250948882,108.53843261206293,2.7869694412338166,147.75622421714252,4.144249770668852,380.9237246802179,7.39478988317084,244.5159318559351,8.687568209455769
vid171,159.96152569231847,8.068102363064119,221.00995310308286,3.5785584019653447,78.49289929612827,1.1670132545225165,487.1372142545712,6.383762073169364,179.94995237920347,9.039796838336471,0.3853806069155906,50.86091288418294,2.1398026564683423,118.58593944130752,5.748564719958272,126.41313288734618,6.113069520012859,306.67731170685846,6.711385019112492,498.8684914318827,6.502017369220489,277.19868700052683,1.9245093897817247,276.92006893646374,1.046722078473162,291.3044587213544,7.0970333248338235,426.4581610583396,4.567699873171923,396.8432246288585,7.684076032138587,449.9037022526775,4.37683724167127,235.2369508206731,3.175626460612918,362.3138273752575,4.696598555243069,201.57898292191513,6.241089257036051
vid172,228.3279947114509,1.7680836737136472,405.43898533012106,6.9977461634411044,267.8919323963849,8.460591065117242,99.09173884648291,3.15521763706225,283.38396936995366,8.458354536996307,0.42319001255804856,78.84547104105768,2.136245666411202,380.9516674104815,6.195908328029125,176.29810876180517,7.567291564488792,161.81123584505588,9.635958550469864,396.35052932070045,5.36746068837102,371.82646024954755,8.903041195819789,373.43142967206234,4.399685065051908,145.38766274242153,6.573221390190165,142.7326440387949,9.881369215660452,253.65814407639618,7.964776539445871,265.5551416139037,2.073915853538458,112.04160996944273,1.4713759263493458,271.61047935413285,8.237054232362837,98.87600912927694,8.430458198294094
vid173,218.92377907657263,7.289440012745743,496.4540471242684,2.7236587443658933,118.52221175753357,6.155561700687081,185.98679277947735,4.72508018495771,290.91746743105773,4.393808323728405,0.46982575180311414,206.15458017780762,6.25743341081648,351.39141253235056,9.49620567561627,495.43668571584357,1.2357905149461548,374.51278655299564,4.028494751391097,491.1399818120944,8.208383998984846,431.0085349362998,9.238805836086781,310.62561007881277,7.614017824085975,163.6821554845513,5.888680410780276,416.29315293528754,5.044268611277222,220.61257858497478,2.7482048341518728,211.35447889125675,4.949474600212065,77.25999862392233,3.977931089164863,137.76477438701264,4.676898978998965,328.77942681530556,8.75822847211062
vid174,333.2954808069417,8.846887601986875,211.31562385698263,1.5938454735228396,395.5932259178636,8.443414190415336,204.61858134931333,8.022171647768191,84.81260489856588,1.1230469549615234,0.16085255500565498,383.06667936761175,8.264308718589184,311.8115867425147,2.640086257966944,379.7715346538637,5.314263233803203,374.61980619099984,9.954966503414276,306.52075727976404,5.194615025757486,450.9743290097873,2.8456055269447504,440.9386078871045,8.374159659546834,434.98628078114507,8.553046106481851,394.6747391060625,7.370275814179523,247.76301764326763,2.2998456232428706,477.4691323008552,5.931691034510831,59.87007656504042,1.2127060552649072,145.19719425947164,4.5035432163963645,114.5180302598327,3.881118473546886
vid175,358.11725686752055,8.853657850260022,181.94080077050646,9.179118540241607,140.4786843400229,5.9235603198652145,459.03626531232226,1.5379118866335761,242.9456419673245,9.105365739130264,0.35980525210304803,303.72000252395503,8.81287111423638,75.07595854469352,1.3266611416544878,371.55161884302703,8.017700944217074,191.93589219479168,4.571798558562572,121.78573235482324,4.38829064099582,392.64220244037153,5.172185584295624,405.19767494365,1.1168442804278222,392.89184894496674,7.173472999064647,357.3477144665927,3.372967691954992,158.31326935514898,9.372235487433626,446.24608408886513,1.7637336827685794,251.71292875466548,5.202854174744831,94.88599901216098,2.3637017198724544,398.9241518454957,1.9698199350858645
vid176,142.1730416494193,4.079050323215194,493.91824258154764,4.874260225232845,237.19432076263467,6.313041907726002,51.87796547100285,8.033919742151415,316.2897058245111,6.100714198533124,0.7882495429199394,481.6279534034644,6.43283876683902,333.24202831505784,3.4567179730285407,115.64405821280477,4.9780127150088695,310.89675635049275,7.2254156838200965,180.89279483166212,5.92623244325634,252.2319523369077,2.220501141302331,470.2465896916324,5.036898400713875,388.0180079525983,3.856021639765997,138.63971922160215,3.457294339265394,445.64357656141897,9.616417227360898,246.31153417313027,4.9414801064734934,173.9494090217591,2.075867538327225,423.31146552917085,1.9998496235681418,332.8605844641084,3.6000513185286045
vid177,63.81981794162758,7.060660012325318,210.87928611012114,9.395977949541953,63.350116194439195,2.9379337426064907,278.45211676762335,9.597725801619186,50.67983320969334,1.4931154716167478,0.6434629700419936,53.04653663916318,7.185579423155248,353.32890973205735,2.7253568174115577,117.16067897617566,4.004920688248374,132.57976313354317,4.800980888394671,151.32427644879078,8.088826626123822,69.92346353709178,5.616728545291201,439.54210595929925,5.208598720299016,415.85959767787864,9.492639462622396,175.81402900052916,2.6670638647530915,351.649346798109,1.8315939999092032,376.8904716977165,2.6411153520694794,319.2335205545456,9.937975260333804,425.2684888215165,7.355282884422689,67.86641213469805,2.606078386550614
vid178,259.5443708541089,6.1740868590349685,324.9758532042039,3.4577927872043497,196.18668461290392,6.588014679840203,464.95552529246436,6.222620160790231,274.7266640447673,6.5351312527580365,0.11788556549831669,125.88541573549597,5.496278489382402,236.97746427680042,4.995980947809667,403.08467234070315,6.49404969312267,263.44979986086366,4.927392117436322,404.25315286899905,4.473096998354682,477.75692214226166,4.227773086711166,167.8690710770062,7.559729753806927,433.07143448059566,1.5448879477136777,66.6693063561283,8.328438618935717,330.6805320492216,4.983586751791022,272.43938684996203,7.988417916242518,475.13536601609786,9.99057082675954,202.16895085367344,3.547073877818525,182.88503500019274,9.023040002622537
vid179,403.6502120336131,2.923849530409285,284.895527489394,6.297520101611902,190.4575052510973,6.03783276239959,404.5596330198811,4.263730757942117,62.55465775236768,7.388707452813134,0.5662871380588891,69.71463510083757,8.685928909122502,475.45240462832203,6.103011578060617,260.0369413559713,3.740535011141257,53.78143114409047,4.453273867172262,258.0210103598028,3.8636068913182062,277.5389690261366,5.297758116940883,499.3188242314639,1.1445604796796138,342.1929482742108,2.3724945400541153,309.3937139577762,5.046738710198561,223.1833374238593,2.186263658754995,395.57837386909017,4.571782390444543,323.35520247079035,5.273533492284589,370.9563533670516,4.459571499867129,105.45888660859436,2.3613946005476696
vid180,390.3992433402752,7.894271913538326,170.3984466572251,3.218998564094786,293.5907374156843,8.013008807797993,200.8518958997272,2.981384736920207,114.54690152550249,3.0460011550244857,0.5389008005634904,210.61766938270358,5.079229590064596,53.96222654856818,3.081953678536981,459.9845865907428,7.948040365247169,179.5295188061511,4.493990681511833,296.15132786316894,7.146743932665884,74.58080728550625,8.04493146268619,399.3765099715873,7.221194227631413,65.62036122314366,7.331698507523558,107.1324589417433,6.423842557568601,394.83112324995614,9.97674687022483,228.88423112207627,9.288630589047978,282.6214412230589,2.8034014889107226,162.69893444755303,7.905154921783285,229.02787986613387,5.092948614309913
vid181,426.48475826171835,2.925822669543361,183.69231964755042,6.5498916820613315,118.28030783715829,7.753079823099072,297.36164286113615,7.098856670046844,185.4461891545908,5.293980079715329,0.7747778828495785,177.66075474632933,3.6076611516149173,70.32432576817578,1.2733600531300295,131.12095056292122,6.066559941734897,311.39041677392265,6.008687346082877,68.0367614666408,7.251571245009087,290.50531656702526,8.677505650726546,143.6639308499679,8.781770587941645,229.52048988005862,9.843019424243144,126.89506708513895,4.437046966501276,343.2972595798158,3.233884459794923,233.19796955289854,9.355303522065451,134.8070721520479,3.85911689918212,245.23563671079978,8.184390570820032,67.3979293635744,7.676875003434352
vid182,103.6911779131957,9.708038551432209,75.143083524082,2.5506496853642022,293.70456858994453,4.88303893523609,82.51760687746153,7.137362829000534,270.76259846717016,6.32091996744314,0.5968932147771779,95.66262217560012,6.880457888607264,431.71395713210194,2.777758767560112,161.18249915744718,7.4816471355999346,291.3458466587785,8.146936910137667,122.62654526680598,5.5884346233425894,465.85931763528475,1.1603125191009729,251.9245441220024,4.252028186957819,498.85955603969387,9.95902332334424,239.01754413243768,3.623977485715888,185.79107668562386,4.661240272860557,289.62992251439624,4.548127570346075,118.39116137173053,9.351220803711074,483.3889424143796,8.40081086844866,245.12443944612335,4.740036904285742
vid183,73.0830067204385,9.628869501542402,311.1396570351558,8.945353541141793,193.3234554156388,6.304361133254558,184.54861704889194,3.342470867566166,188.7618613212389,8.690058714334418,0.2579844918200721,253.1162885893902,7.35442573099664,321.8232072413787,3.6317550658422975,408.6701247142192,5.234666182862961,247.0849023034629,6.591765197967013,168.20494197952138,1.5009233783428648,286.16166052346324,1.7121724560057021,397.7230268979345,3.6996432423526513,314.19835676585683,5.29400167151004,343.34373124705917,5.279315159803232,95.60105737999208,2.9869097077991467,60.06827785676071,6.479072852840829,477.5869762994619,3.2927261472109044,79.00331912315826,8.930589586619828,476.1105979231056,2.8404093486214466
vid184,306.37621733257515,8.448211894215106,373.3548690256161,5.285278216464551,136.14100801096217,5.654265700447716,93.96913981245214,4.409275106522346,295.86259435833745,6.536502439169461,0.8685931908209515,169.17438001794818,4.213746783614816,409.39296406798377,3.1052812355063355,149.94135290959804,7.381195109071386,70.44717533182072,5.158087220912675,159.77401969567376,9.260539183329655,166.430510279329,1.036043852125292,359.3906523081478,1.3758158678564567,114.49088655195183,4.497576040579643,381.7690053087974,1.4001050332738099,169.1372452295755,1.1827713507362911,118.1572826262131,4.239027601736507,100.33990262320413,1.9604274141591536,449.3868107282738,8.789624439068424,51.4565692689819,9.41395259950502
vid185,290.6826678367071,5.69613747273068,192.766626254836,5.485339216878346,473.9569795614666,5.198328209248228,178.7888019427083,9.003645664356384,334.05181380241817,1.1342238214798535,0.6992332975021122,145.09474432655054,4.99048729395731,68.22877081832378,2.3006876755186174,449.6101541176256,9.44541416697875,70.15485988895308,5.239923664800629,424.6544149778666,4.881665023745638,170.69840952055603,8.053459240916798,488.0988743322051,5.9804360488149975,377.3094402077052,1.7304935871041462,202.57315810554485,2.6138386225832035,168.71132211728343,8.85284406584131,129.439394997099,7.596456921491665,184.02939708684417,3.0707827565793018,152.53656752700522,8.527860212498185,265.1168964095582,6.0219710296242335
vid186,242.38869843106463,2.1074904676359143,269.9612510194651,9.000939116458982,198.70295633019919,6.975520260690873,111.22361177931496,2.058947251363256,425.82818224804515,3.1025965339253085,0.36708524869770354,395.0221087549153,9.694855234162098,179.27137892081973,2.081093160876364,207.5644886924873,2.963486844586399,343.77871361256456,5.766925681553699,316.51696319760185,1.7042895779165543,269.4652702530512,8.594053488985123,296.51950520250233,6.6861237774613524,78.46509570700105,9.11034885124043,165.3516759361794,3.9001749292378807,446.11807226866335,3.8978983256950412,183.45432878819776,8.84175705718889,261.08882678097336,1.6730619741384425,119.1324489986041,7.416495178649359,364.80241762483587,5.613428377741516
vid187,174.17120659914247,7.4135742328407765,297.9116251547815,3.1916721137886856,88.32315568175366,7.9625502599358144,366.6054380212717,4.648529768724938,140.78047533031506,7.3654946970853254,0.1329907980970078,320.7619266642151,2.0715049251461553,115.61267796260204,5.6448133097387725,368.8122402233543,6.780000638236618,167.4881111277963,1.5558829974613597,114.76689641519961,4.751891422143512,224.10611609046157,3.270820212809932,126.94874654357587,8.183951376915871,174.3813772393005,5.896566938922293,387.49741396728456,4.250776027062485,323.3764795080525,3.4275065986871605,241.5308754929389,8.048716317166177,482.90118301425315,6.340752196776872,204.1763221425732,3.2153908522398877,349.46068781798255,6.378789835830486
vid188,288.23139417339894,1.6466143328458256,67.24962698978838,6.510618136553276,55.069297668301594,8.449452035219192,354.5350957528133,1.5739548062827289,346.2875690276832,3.014134449827388,0.5872117513590132,460.78403010829413,8.68229033175016,158.94562721502706,4.025124957650278,319.6756497338622,5.048506251553019,264.40238753986455,6.150461340586948,303.98628360551453,7.503161499787634,318.8990596779103,8.889613572478297,144.93000013318033,1.2280187753064145,447.79933095278716,7.89818294477147,184.16203149578774,2.8743435866684575,90.65978924157912,8.175499344647417,215.9795077181143,3.551879475666122,479.55028794700354,5.054095212825412,113.15978511510743,2.110741252816087,367.82450082273965,1.0014560250532039
vid189,439.00126133786745,9.820809468404061,218.62744868172547,7.314795987773445,61.21323536645684,9.78558817381618,315.054149196262,8.091795545837432,107.67731602681687,8.08114038956857,0.7054172806875759,104.73452540132647,2.7009737272865357,145.32943317313624,2.484579448593673,57.103912315785685,4.978980974859435,163.97119968205607,1.236405835044157,461.34871574017404,8.370665448754842,472.28963202004144,2.4936796118063,331.1466926943947,2.0304982790177775,151.89001078140546,2.2115758012385953,332.1470948395992,4.773484651272257,228.24801007830365,6.279097045216388,207.9331295826336,7.916257653183446,458.2674692647447,9.640040264460358,197.95112274373045,9.13624275044389,207.44157799766649,2.5102817849273
vid190,397.14316981725665,3.688994388654394,220.55230091992036,6.3710174980782295,126.21116496840641,9.394213405065265,236.92537344333635,1.8677198413629796,491.1295699161108,4.355950348884402,0.5203790087848518,395.4168820543534,9.985503913434892,54.34582348474998,9.268664410139808,420.2026197065217,2.586965988809731,360.38033010088304,1.0740570690306335,174.8322284477526,9.058685272963407,456.3157596301739,4.668744031402284,104.5033230401751,6.435742058675747,451.19437316165465,6.280760536179271,392.9457216680725,1.4516522396749418,326.3046336113437,5.441262331626255,193.367787611624,6.428091597479411,159.6793989218449,2.46227861954544,430.6558775819524,5.9219966827809305,81.88040197666268,3.095244175793997
vid191,321.1144405163327,8.797900789421238,325.72551863811094,3.3263384929597217,335.79234606969476,2.804067865607826,140.40823262166242,6.997621814524363,169.77240005850166,3.367730597950536,0.5952488716178944,415.5648662590614,3.5287113677899886,429.9787370414164,1.0954958801016976,278.41429322026113,5.924643188255624,92.40038024126457,2.12214552657729,371.3679187828691,8.038260894387996,464.5916196338694,8.15822959710031,418.0496537939388,7.564407678013251,370.6330234398522,6.578679157062828,242.1110275476514,6.896026004544511,490.55557446709184,9.574037607589846,265.0816170292185,2.3134904191110586,361.893608363929,4.894420287375537,479.85785731017427,5.848566324733291,386.7764853387272,7.874629158138611
vid192,365.81583949851876,2.6046241694529724,175.32567344356445,2.5939222439501144,220.81241908235845,9.546510515558593,131.8087837611999,6.2676670653471565,340.6301756727553,3.16663056638195,0.41547024310059555,111.08016573884493,2.3059255306235933,309.31174077458525,6.320994741297451,254.41506106785232,2.14008423221395,202.75969179587713,3.0666252540506402,85.76453093651494,2.798227821781315,301.5600157663557,7.1856959908354,419.32265890883957,9.803458722121537,493.64000267129927,9.42538034326658,263.53198052226213,2.66429873350886,405.76880663235823,2.6467115672870127,431.2211321805481,7.271683118672907,322.6181160254184,4.623918407515623,446.0353755942706,4.597823489205417,196.59630044275443,4.619072110605592
vid193,98.17535164931267,1.9269986200267162,289.673399342376,2.091849165985732,439.5555719364761,7.1327637753804245,52.42372261335888,2.955513469168306,148.71372804991387,1.4190002814478302,0.15179848272390217,266.77479098430916,4.407078664618509,245.4422437630534,4.138894485201553,137.36034271250503,7.957906505667845,253.02165242862887,3.97911686339382,397.1344976014055,9.135953617069552,83.47622108813214,8.513870780941435,275.4098397154883,4.511285577682429,212.4768743709416,6.9894662211850775,297.7323286672661,2.178966161816093,424.5688165440859,1.3800737651348298,184.5778167260273,6.766454451987602,182.12472239504365,1.6598281817786147,313.22817362035187,1.8514263958034611,195.3538710214055,5.865490552087433
vid194,447.25116219456214,6.781046724531673,391.8759699791728,9.053469194138618,391.5505530128103,6.719191573672779,350.5026541013648,4.354676078504363,430.14054479691134,5.527773304041945,0.3813313817470456,126.92678720568824,4.694797354536929,265.59312890858683,5.959603612524551,477.4205696074228,4.327522530703144,250.0505163646532,9.867596745193403,73.6597406598238,3.279202743279731,121.01211289850004,1.7610656845247719,416.0247099336891,7.5572338522786096,377.09995381942446,2.1762696743245353,181.42939520055577,3.2306419708589154,286.8031301403554,9.511536056017533,274.72198432968287,9.020268544759924,213.23645155370477,9.13246595545458,242.10004584901333,2.511267293884592,236.98039898673483,8.675569935067063
vid195,491.9262892586274,5.500951433856621,293.5465420750909,7.112813785478895,164.02467650995374,5.451359781111411,293.5487111722045,9.618789240135232,468.1560035823349,3.3436052794991067,0.10532646498341088,183.90726345097303,3.2088203670744626,189.4321775058619,4.4512078575242935,218.98585855150208,7.803642000004024,369.0677039977452,9.749703347583859,430.4281853865025,4.512186401495725,447.624565979735,9.729721437778386,351.8261841780937,7.2600735526654585,385.70361081645825,6.058781443406305,340.68112907276577,1.326476086159548,225.89926753664602,1.3291942009316229,184.07588924838683,2.4505105124876714,247.49016467785978,9.650943333500308,156.46472330993487,2.3027236247402882,268.8107785716336,6.143528397693993
vid196,311.41303715800444,7.546096112026784,321.17655743735304,2.9036997576966863,435.11978849627906,9.83183824367502,367.7317616190437,9.210717720242664,361.18105479823487,8.446670002416738,0.5757975678396007,165.41560171268043,5.8949855096138775,236.26445420366412,1.370740780868232,160.4943686047142,1.1516222454560052,423.739457673535,6.471395906671224,199.04608036087257,4.67106263882383,394.36993395711403,7.880905819540842,209.37088104808163,7.002817833741085,318.00719726663465,7.116870467283022,220.55069817615714,7.30992387943573,453.2979379614173,4.920756440471809,257.3342178087983,4.686075082914497,282.52660704924153,9.71532285208199,318.4313589065377,2.5288866332054827,309.1383852163918,3.0681485175571774
vid197,329.96289227120883,8.17118400940825,458.74620923637116,3.743005018149968,421.1465633497045,5.03135566197744,300.0289748131826,9.533136693250862,64.2781428435022,8.24538981453996,0.7649637189155237,194.31369989884516,9.934512691968417,100.74999625295811,4.515036221946103,262.03423265701196,8.20094606051805,201.4668729131311,9.242969193088857,120.69164214386366,4.780875959214876,261.65884056572855,3.4186787021976794,325.26054958139343,1.862556976441308,496.64106263807474,4.075559905942951,318.1936608694221,5.1477253420850895,172.47439887644316,6.929250754089888,131.568143648896,1.950710772643936,145.48217761708756,3.0231327601067126,461.327963226855,8.577614236449286,134.06774438756207,9.966720494360219
vid198,287.5856539022205,3.362864810636781,309.332860156825,8.44793649617006,209.2481409443409,1.7797614647657811,330.24717097657594,9.81398010373938,79.95118549142734,2.243837787474857,0.5409607718321134,95.19113025236749,1.1619524771694794,130.71176333832466,2.862380077458634,59.16527049571951,1.8708736036397724,485.7010076473028,4.568872430901861,278.9401566218976,7.72477438599431,369.5558861438953,5.201845974040856,125.56567790906152,1.583101783960891,393.7943311003649,8.891589790815841,218.92064059093207,9.623526248393972,470.71055032772705,3.4263067387340636,84.55840644751908,6.518835239815794,64.35298203655128,7.583739803026578,281.9296352564537,3.275274418355588,300.95286039275675,2.4927833851337895
vid199,298.6465396619515,7.823997443383183,426.47381981801817,9.115398530916519,374.06047995634907,3.5826544229197896,448.1283329272757,6.956363812013387,63.798840441815955,3.1186914131311863,0.6203265428739086,237.86373326432286,6.526048463798348,270.51396689186896,4.333393155471062,183.92371201810454,3.570685230182364,471.17216390004705,4.952897305862842,294.0311198785545,4.467067222778931,470.5250441043013,8.672982195617486,371.61911395100094,7.771429321349251,467.9693930115926,8.30171082652835,269.53220394932225,8.690938705431115,489.32866083544747,6.715852837298472,334.4445653372817,7.77321055445168,222.62435250677407,1.2396157371148482,233.67840225889202,8.639660634537982,89.32945067146076,1.708055334529936
vid200,370.970507727277,9.654461444934237,377.8348330740571,1.5268846526879205,84.63306245485066,2.533471805980481,224.2495420765492,7.590719617075786,128.1758430591007,4.2551944484340725,0.3772977424709607,165.87855376203657,6.174362558393426,352.76446021964085,2.2930747506073326,59.222522125415516,1.1261997559322794,186.85850375278739,1.1341445172451343,391.0649491876767,2.6701762628607084,250.87554230365615,9.680218286510163,376.8048033083917,7.618299220220665,482.1144220963737,2.1372269689705177,447.3756915239013,9.110150305434509,363.35579463380355,7.814731551633433,432.08861158175506,2.194357388314454,255.91441423341334,4.956157250436857,111.45500365252855,6.2768242529862945,345.2132498526011,3.39890165922318
vid201,154.5103649782103,1.4356694225350397,236.1449556065769,4.359619360838629,425.3829702352327,2.4490230176308145,426.97230574848913,9.306882445861838,212.59599439835506,5.474414822867857,0.2736652597495074,349.8621458370154,2.6673627213232636,288.81759789146804,8.760022623599909,207.68056964134036,4.6813341861976,478.4783928289841,8.419504710936387,210.29617392155023,3.5666958335703822,246.53983252780745,9.62322977121047,309.28725931144174,7.677968544078082,251.19300321555454,7.513482902493457,367.35749934133673,5.990849805991368,469.2220812594741,5.13050998564036,116.972389576756,3.7609549949901724,278.85745217359664,9.118317953266065,478.76187721789483,8.682671073859298,95.69727185210533,6.960389014264626
vid202,434.60959652462145,8.012476870558551,355.75069897117174,2.6232263476059523,210.71020024315948,1.4308861536279651,285.62617553466333,4.625087363529806,405.3882761038815,9.088695639770028,0.2502308622391637,432.46074296999575,3.49819798257936,476.60903391435545,1.2974949286479303,67.71170927469774,8.808232499184246,403.75170596773876,1.9348359872902279,351.89488076340825,4.580563623402461,157.75758455394066,7.600112036057504,439.485517614237,3.2280319047188684,136.0354581338092,4.2811117238780705,449.34695854622373,9.062249054158263,248.4657030179251,9.809867107021594,347.92881013883516,7.7914107098913705,111.85003678165654,1.9443554861152896,235.6224445622175,5.7546696414291665,406.5662267968097,8.75894564546056
vid203,450.66275823367897,3.2729491093099226,338.64236362822464,7.377978947092062,136.70516416645114,7.777841476045977,191.6651948161795,3.8974102975371205,382.08286651152497,7.290025458498304,0.8413783117850885,318.1846339287085,9.215359310105333,209.09361846473715,7.062734821840594,332.74873163286185,6.567352231526416,385.76578949745,3.6113126011994408,104.46880494849037,5.9629805885937,220.90593632054802,4.903330272478744,185.64108483103507,3.0223745539586977,419.5036190904318,3.539921438327338,347.1192556973465,2.6374906996254377,343.84650214960857,9.119630956754326,210.49149870369163,9.000731304976785,275.6127605750489,8.69728603946922,141.1944004850962,4.985767480018284,55.51408004864267,7.645526949469406
vid204,76.36495898160688,7.812323411769578,468.95775193812375,9.548223605066426,363.33562054680294,7.076434355457787,140.9074785486955,7.687185488633221,88.3362653009029,6.839768382769493,0.1780592604008307,88.01311170390267,4.8363791413267085,425.2643007994439,1.4429316554297142,293.5276115537971,4.183486017694758,275.3300373192079,5.502740707841852,206.14888139279293,4.353658775030674,325.3386008748569,6.1625429366216515,295.83438339655316,1.9557534546934225,310.16970841491514,9.036409025460834,59.91520963295615,5.368627654821555,98.17004054162024,2.538829406595491,254.8475356662034,2.8803587795110044,64.87942432856055,2.1762249575761783,460.92137330194623,6.294422518833977,214.77223937568863,3.709173004313068
vid205,406.7927199126528,7.662656498219859,83.65016211795779,7.156532099084622,185.60271795989334,8.125589871192096,326.8288703948917,6.442113867204414,121.52288197719565,1.3504006299377265,0.2846777822407427,398.4930474069531,2.626964220291584,469.3915185724255,6.8280221985169165,336.7548184398176,6.533457938656193,87.78243744000729,3.7245714419608373,109.40834759214123,4.950709399971469,471.98318953244075,1.8037679411885885,66.09725275742558,7.308263677113278,54.58129207342223,7.022969915065287,320.8258308296296,7.866925063347134,388.7966022664026,1.3490753389081063,499.08831213769776,2.278854540438636,258.0372616879299,2.6147806112976197,497.43761321199753,4.2884191831407,365.8870097229322,7.511775850910287
vid206,472.5536618629668,6.367796599539256,402.1571425938555,6.994563225171395,259.1410835567192,2.636668905053331,443.05220681833305,4.6978893606813585,345.7949973125764,2.970038999980697,0.4963728300273663,56.90162472627051,4.012233820134908,204.30272383866478,8.236117456812957,477.4840162912969,3.7094038184087434,291.92543116453135,8.300640506145768,282.9846978240364,4.700078855889948,77.63103310212975,2.4713996856956197,417.2756848837427,3.564085627812922,482.1057056907986,4.568662817025672,221.64731692377828,1.3702289435101698,79.05226872185276,4.018855854297687,486.251560826552,4.531344850369983,83.72713508849897,6.965354689946776,475.24540079545216,3.8758909762239804,212.60938083608355,8.758397419585265
vid207,462.8691278343246,1.371692482394212,319.1854397453599,9.89874630824326,413.28153010284285,6.858878975485149,287.52810422826934,2.8770796896169757,298.44238124878086,1.5354968026381517,0.4787998185513044,479.7857501560085,6.966224225905151,101.44589655823445,6.249786937463947,333.4643610490503,2.0924936459250008,365.99918001611996,1.6518841014037218,222.9115898477826,4.372045230013509,154.2947516986872,1.5427353663586338,392.78986451086087,8.241302403343964,292.14138714659543,7.710085550881989,446.5376088651294,6.415552398161631,499.74302596956903,4.82102657690187,370.14690909162977,6.722153446467801,152.51413385753114,4.305849849203252,262.57148183328854,2.292433411518718,365.71325190583553,1.5540752154538047
vid208,392.79596877120497,7.521527534745641,326.37804325660494,6.657480704950477,284.5658057098286,8.06297048924484,439.15153764079037,6.594269093527018,131.14288890935492,3.415571275321417,0.22488325189498104,328.4500307730199,5.0444828780068525,231.4795270438794,5.563201947607013,339.08923798660754,8.064963244312786,287.8170241492825,3.265400204353676,388.59345543175766,7.120738555309374,346.15316972188856,3.5661827697321,393.9923618527225,1.9757308895279706,65.02953799238259,6.154248608156317,284.43273859349983,3.6181108000099687,309.3670800902115,5.337070292957394,63.77071590556846,3.081871030490158,481.8727201344133,9.715102179844154,58.50589447750942,3.6501065507961967,198.6766026105867,8.952532285416325
vid209,394.8209723025543,1.130913053231384,431.82095591444084,3.4850842174900922,103.23610325495127,7.500749492118616,487.90465647248215,4.972186172358711,118.30560311718463,4.524698530948363,0.8983458527144442,72.61877177119925,8.154736014457347,178.20891800716348,9.71513543886812,57.402448628716456,8.162471403693871,85.50603739213993,4.629179041834166,371.36249107309624,2.219632650703876,439.7909028754127,5.964596567169065,261.2991845336459,7.655136320280476,104.70928070512778,8.233618915735732,240.16261321556277,2.397598312779569,390.0456858060588,4.60843317057589,103.29864490080135,4.119292820795856,315.8787014703441,7.027155830291912,106.93046378615134,5.279766426803216,353.77695414157444,4.826456256610943
vid210,484.6062629789652,1.0106872450585662,366.64016497207353,5.5458448884418,259.105329100782,5.016068011679167,317.9260893329202,7.36055032030199,231.1935281159611,1.2322049974389961,0.870045431587943,214.47354636953241,1.9232439311207052,254.99440240528943,7.7563038905466275,181.4003746589758,1.4540521288686663,324.7801259060481,4.843428717897103,151.80242533218328,5.57873757191403,493.07327676507987,3.9169392849170688,389.2976358578472,9.611997826818708,254.44404112723214,4.729763531792425,62.33570133479616,3.0626972853958425,131.87040462336216,5.359425140463477,294.0871961907852,9.694406857751924,409.3857451359732,8.403951109942886,317.268714712653,7.050793401272446,163.71018117100766,4.156419700612153
vid211,179.44690525549467,1.9927242209559703,449.8985056678235,3.822394060041259,279.51994106822724,3.6256270861023685,103.674397339775,7.335349485309652,460.1303508431403,1.3957280554201095,0.45538748621199865,206.46216593171602,3.4261436516673553,429.37644231959905,8.801714373889377,445.19794257646066,2.833437022690195,273.5320676704266,2.2823449766639965,193.45044057349065,7.422748966652914,491.56114826487567,6.361319380279163,224.71479062233905,1.4093161921822595,64.69002687365976,1.7790996623269286,60.03154288886698,2.677767332569223,461.4014503391612,7.304284913691639,271.12028895351705,6.542735964425123,293.17909970991855,2.469143295028775,322.6312063256043,1.6427070445620495,84.84915370715538,5.401844363599065
vid212,469.4073001115881,7.466989316583535,312.8143886285657,3.0029264129782636,366.7973641561434,9.780347585553216,429.9323045544224,7.056215822313276,79.64803150273936,7.678891185931066,0.6986276023795275,393.85307002233947,2.7171330204829562,237.14384369202278,5.293758945581441,354.52269050104286,3.397827820860474,158.82899823034847,5.548299721009276,417.3312877400965,9.562018686333088,153.32102877496578,5.915960761091804,198.12300395753337,4.104189550938368,282.79115983989675,7.675727416167313,349.8921675534394,4.8150805863828845,162.87795982846194,4.038082796954461,328.8065127703318,1.3403146791374767,175.407535368627,9.178862028746451,210.20529110718203,3.8150614265063867,368.0709196877002,1.5858496892122247
vid213,375.1191975656176,3.1241727846200944,71.87476759390175,6.17836520921331,186.55597426051608,8.034124390849417,213.24167698437418,6.93776960526651,197.92300983841048,2.736555683208953,0.4019901558051203,262.79137863187634,7.479450775682907,59.72542566649771,1.4227235136051224,110.9322593777295,4.376094862072684,135.21769644276804,7.128957533136168,171.65640989035674,3.61725951748908,331.6299115714333,9.034425385938162,100.57767881698817,2.18935058570261,109.55934659990068,5.326701293082897,344.8794480237606,3.779177532037575,373.192178536663,9.813747976621588,217.22096688861438,6.055557112424613,88.33341596378979,8.359893402539976,211.42765992643353,4.33959845315273,466.7739461397978,6.782499872327371
vid214,491.7576261116758,9.602486210997627,320.97307315425144,4.178925768701211,85.49334886534751,5.794307865842901,453.2025541324653,8.921089779361138,180.25859791711144,7.341662357104986,0.18825948859387395,408.6305428080083,6.796461101506145,91.7034101052944,5.000877208723075,380.84013338322916,5.354612140016389,121.09696169130413,1.366866331735859,478.2901224690133,4.489904727831358,205.60219073309253,4.1216566067801,96.56902516236207,2.0606179185163516,322.3434401017032,5.234317368982158,392.7447515218305,2.9049328072079397,61.5913907261335,2.871963731940199,257.859825990954,5.690542819203167,276.4040517036626,5.987304015679793,242.62194873837103,6.6628706911825555,466.5829837817785,4.649343560692971
vid215,304.6564265899649,2.62299523684238,333.2086566986702,6.118159062484732,110.23315084267462,9.047020441596205,185.92644547206692,2.120557398861606,71.87279395944304,8.779499675886257,0.36269294420466947,230.52344847538492,7.173731391059083,262.7349893907135,8.813197710783001,248.65790388404858,9.728178738023981,399.4228482750673,7.4719197560515465,201.2689615683055,7.027457385547003,166.2988215584717,5.816058659439467,70.17740675615055,4.075678516802432,231.98796588176864,7.409537518023841,417.04156440918774,8.376398180631544,111.86975848802913,2.171352936747709,245.282995796964,4.548266730027478,308.06717492186766,6.014273190779141,449.78786292040377,4.7763834047130835,221.605959051107,9.321133179223764
vid216,351.51440272356683,3.6231130637143125,204.20671861161756,2.372033241925976,52.11310751766327,9.775373232744297,377.1386600148868,2.0284579968871466,462.26200953730944,3.5169810231222005,0.8252911929550596,119.0341334450776,9.482702237496841,299.0646922993318,4.629409818874352,235.26514591027924,4.729816839540355,357.3975627299092,1.0141502052996532,344.1212951532654,9.040521281269156,453.0692201451007,7.631971779017914,382.35392347639225,6.198707643216841,326.2660192918023,3.353873471968223,280.5305164755277,1.6651544348688923,400.46951063030076,4.930752012461716,483.161328061506,7.62055764990566,317.25350549884007,9.42685616825643,257.24109710048407,1.1859837338250605,433.28459835007135,3.2772582048559036
vid217,373.4740394819444,2.2476987115343934,363.53735938510124,3.8597490371417726,230.6421104850115,3.7092665667391094,478.98355548479884,6.796272598083959,150.1667187577218,3.155145158945003,0.13273347376490252,198.20467349748833,4.483347482732917,58.277519192257,5.9876153559933645,152.17730921221187,1.0030699350664756,436.8264710451486,4.826475773534647,231.30302348932088,3.183047305602328,278.41129256448164,1.37856133917961,132.12999870329568,7.696975642863467,405.2844113459164,2.3620326120697195,103.04423876144838,2.384144224196149,400.81895493017964,2.82137953893084,344.5029742349153,3.753930689447385,113.13168917447005,2.3437720193837897,358.63384893990855,9.633939792414115,206.85181102252528,9.944393827684179
vid218,183.2564946604353,2.8557647758550724,237.24640051646452,6.464469705845851,467.92392524580225,6.237130725719895,171.0427077364069,2.8357328959988446,82.05564771710468,2.9718747869368354,0.23438692330891941,272.65402101126006,4.883028688808419,485.803534944733,6.337172804835012,185.25145025688363,5.008090174922278,84.90606814799105,8.198840838410124,59.967529034401686,1.1756146637864595,323.3197419821662,2.5479362711595805,220.644550140265,9.918057825362391,207.79989357887465,4.938474184497837,448.42650297697907,1.7738033568946707,286.0590191701641,9.990232829525956,58.35274194560901,8.828218581095442,383.35519803129006,3.2966226593918653,217.34422525751202,4.293337398964726,222.77364764779242,5.65657093248133
vid219,202.92572289297297,4.898976776163511,114.94102265756241,1.7459795987837108,210.00287584865805,3.9871996117388533,293.6560702981574,7.6474855494593434,160.37890380377345,8.609121366748587,0.20975250550358462,206.49250379895528,8.858405311070486,478.85968242715353,7.717046875726346,167.15115028314952,4.703718888237001,396.69246961730124,2.664033086064655,89.58515912633305,2.029037994197534,100.01018064636591,1.5693853663403003,238.616119839101,6.782765330715096,427.90330400963325,1.8301107664257223,263.5560961249427,2.4506781524797763,249.2318226949829,5.787979313999606,306.7065366324208,4.409832991059409,474.90337077371703,5.2928922618271494,173.57840390996256,1.9723247336106404,148.1259517955372,2.4038404009550502
vid220,72.8197274742027,7.457789669955734,116.93069717049191,8.084277101058701,115.74385429625993,9.29866085237498,168.71493372891453,7.564540516017645,302.2815519216809,6.8580277376603185,0.7547395243029826,173.57424961175576,5.570478588955454,262.4423898490155,7.26647071618414,260.208928610439,3.6486046120258115,429.72489255313627,4.121417051514417,272.5787799387457,1.5868287612853718,431.4221869525879,7.4109589645280725,184.27751394010275,6.131545725361969,397.13348263513035,7.87036866016598,124.74668929589558,1.9701049281317502,149.66607996104813,6.960976695907263,342.1746835782951,6.533294759814908,139.67831668260555,5.761361992533403,456.24805782340195,3.007192217245524,114.69917879147496,2.4935997576763906
vid221,174.33113440339412,6.390562265311275,414.0186955590091,3.1868882208204226,158.62745740575025,1.4768900800293518,90.85276492630204,4.142985310687147,224.70354906258032,8.117184485477807,0.11256608842001468,71.41389981140023,2.5841831163628384,158.42275878830134,7.707998636320696,456.7613063725567,9.03961172509257,97.07514797750355,8.81093252364506,212.7278775156546,9.931531152697705,288.29801819000386,8.274537085358702,182.65655576186967,2.9993393317583874,172.55619554078075,4.482404317016602,319.879241656948,9.924115197239347,486.6863607892114,3.9621848349350426,96.86592573242288,3.30472100567595,324.23502994210486,2.118617059285679,449.3225146866431,1.123212291544438,82.06114107390925,7.579216370981329
vid222,357.4831213815739,7.7080672574543145,64.91241587310881,7.903753798609145,240.7532839511784,2.4615973621566023,167.07518150656907,8.039865261387703,244.63614145768872,1.7375701060956112,0.5371532242270769,393.48204019901374,4.018707909715825,390.0364173500448,3.9345351208990578,125.62518614559852,2.2135925459463364,270.7055144739202,8.63931434677863,364.6849822671385,1.4430601931306324,218.61298548383044,2.8375497797761375,285.0146599108407,3.8102514436694253,270.02929252233764,5.418750700783155,179.31907465971113,6.042774941012153,454.1202813272509,7.696532736178622,443.9171574630448,4.798321852685622,233.59496219733674,4.420651156670338,149.365691687751,4.019810919388496,340.3316408873692,5.0382565836020685
vid223,223.75506538742823,9.743747177096514,80.20710962452331,1.495029299564775,417.1007935718888,7.423903911972489,198.60413274121643,8.697110915643645,63.34259365470037,1.053498179448836,0.8023585767907582,323.4110037419129,2.4023550647494782,479.8451793216671,4.922181689463055,133.74677592250362,6.3156699033961825,89.41969444047407,7.924242510983526,233.32958802046954,5.175830708308188,89.88933963604373,3.270164392281157,153.66492597928297,9.184863013365831,110.38098443999644,1.9368282754899644,401.79124268001124,3.7127014757166656,489.44849474284047,4.183634060677074,458.21786973184413,7.002406093804333,145.45079193193902,5.8111023292301205,81.6586584896811,4.887873080116946,296.7924069629714,7.827722352529851
vid224,191.99802130250336,7.837758166385243,231.85751548755943,9.04117220845166,77.96148711489104,3.9150877339747012,56.02235682367324,8.860347741210965,397.2240223590104,5.66642764588139,0.3088511513772752,125.54606863071263,6.716663508775817,192.75019083618403,3.2874601053671926,322.12323774450124,8.31004676832406,167.27519731510307,5.0769354863712515,197.57022233329977,9.886160393089137,312.80023549688207,7.145875028248707,426.45851070571945,6.779996119505812,167.74016471656836,1.76832510642436,446.3483787609639,7.587017034011359,395.4429790925946,2.423426873422578,223.47253739121174,8.065414546452324,470.6997263205906,3.558181924163525,200.2142680880681,5.483760358363085,436.39635179867344,6.323032083307696
vid225,283.3844519566999,5.120415234830901,373.70780664450757,1.7801931646077371,442.5770294935967,5.135854071526149,432.7335917107949,5.0995591764120345,487.1253092011575,5.356033476556899,0.2997062322461548,427.78848064266987,8.893132305188377,478.4835350503233,5.433774306649946,146.5755013001092,8.78884588629247,314.1833742705731,3.7022532403524404,96.28676172569544,1.7837740608047041,68.97600878479416,8.298687081837546,133.97108801670223,5.401510028194493,96.58573640701505,8.888232836491117,84.47053773847449,5.056157481314177,252.59425643029635,8.713747107482176,319.30530214870817,6.3655095395721295,241.08832962985207,3.1037087281867692,314.5880637132047,4.8018594664625445,186.17337901308028,5.591624276897853
vid226,448.68281914315577,6.766157645488203,473.7219996625251,2.4506624731554147,226.16588427050738,5.131167860440777,289.32238849236626,5.873275618129562,118.33354259881865,4.802609133464228,0.8604703949129839,492.3639534947373,8.146792456152244,217.3070104855115,1.0355300662327922,136.53640212420254,1.2676085625021678,50.503678978773905,2.850519052344021,432.5353188273867,9.286491133468306,390.22849917498695,3.746253227970427,353.4160876410643,8.663824879664254,112.45251283543863,3.07222468731325,127.18275578505568,8.897097463382863,430.60977100165576,7.808928416408594,394.0322944510501,2.959044734315492,299.60442614378235,2.130809605059569,235.11293014103782,2.547152030175398,479.59378715960815,2.5347722565162556
vid227,431.68082232780097,4.941358970537028,479.44434126689424,6.903744860334719,384.7061627247469,2.137705635129809,495.5951586507371,6.399585624451309,56.203085223017666,4.836814391177023,0.8293509492579811,353.11021422695194,5.937589190788872,431.52018154121475,3.2985085714705376,173.49678966518934,2.8883895477788637,155.04163847743558,7.613868898016891,55.24102021997451,2.1693890755888257,436.8326167221569,9.352410156762978,128.13039452707278,9.23157345357367,89.77545369182164,8.8491024381079,145.48567727507992,1.2499775256273034,226.15646141994515,6.29241582463038,161.22104955270152,6.3577284166143695,394.5715143200956,8.510602001142129,123.02053005077143,2.813560376966411,476.0288469358498,5.189110389050158
vid228,271.97735010230815,2.0222381946269374,328.1021954521207,8.742540350126282,245.6055884737274,9.022843508751903,327.857767339472,9.492862458262733,194.62620541487743,5.219813473692868,0.6511497443368791,224.29354325899044,3.314587159511473,476.4768587079848,3.6573581169480334,438.2024673134423,4.711506283346909,116.54985209751018,3.508978556925235,418.1747487062418,6.76432106009198,160.90082148688384,1.0279176640383159,233.88538547445444,6.874217504554702,353.7801244864373,4.855940333670547,120.35602183323391,1.0551652774315514,477.2154935168843,5.8206018045798515,475.55557838513494,2.6050414352411195,266.5062633635547,7.595908205314719,228.89358046509216,3.1344807130411927,237.69817764296798,8.371977353458286
vid229,292.4105458254004,1.3923584999402432,479.13511149182665,9.428222754697861,490.87234559104536,4.485189400835384,388.7640410455343,9.911756148739359,462.7752266451766,3.5873112608232343,0.3006808261617616,200.55070191450653,7.44192139366383,53.818626660138364,7.852426315334785,172.22095997898847,2.7885649566736492,234.398853910514,8.600029286895634,274.35160760593345,8.663516376816062,387.97055222030986,7.3782443241381905,336.755466955662,6.8572841071942285,436.9881693554796,9.151513747504657,342.50848727819505,8.917198430745437,87.73696231769713,1.937657480573734,288.0815718645908,6.412472236524919,489.70612606929166,6.8970324063475,327.30032654928436,8.374589661149441,98.43706507441289,1.3005068559979946
vid230,195.14802432495176,3.618534296402908,401.23449302093223,1.2909118246289413,331.5678827772903,4.560103590477571,178.52776528814692,8.469939005160468,71.03548350668615,7.976926529132614,0.8210638522413907,357.1762641831088,9.049345082935094,397.21107157428884,7.287890160876541,482.8261516492838,8.9357215215976,150.84100171778798,7.08911459644683,219.4791841395361,9.106361843789166,122.94486996172017,6.12609162717078,93.68965109396319,2.5189208815636177,321.3715278288386,3.9890031023131334,336.14495583024257,7.684385636774681,300.04612579037934,7.353754309895573,422.1034998967302,3.65301003594668,257.1196612881308,4.251716315325786,483.98568293472425,2.0643348753154385,306.80718037585837,9.048115518777587
vid231,438.66119278983155,7.319983039246196,233.7167203028257,5.323220421038722,454.7075939435451,8.551985641212243,118.6316826222496,6.255885168511292,129.1151916123289,1.3267261966768267,0.3254747739635484,139.1592469003174,1.047282587304252,412.7428688606834,5.071004434128541,196.8939727728684,3.3010415478236967,269.73084977761675,8.24849245293196,256.0696586293698,5.1130279975105,367.8319102053154,6.3952102455949325,282.0144099217307,6.912685518234051,199.83773816274507,3.798711447720516,437.13593801059716,1.3092713047018663,265.52384198392184,9.608659027833289,254.66458302230166,3.0644225904292495,409.67223344429914,4.727604508723697,67.75905700228424,9.108803365663928,313.40845288595193,5.76933996521825
vid232,401.43832281273416,1.0819768008501944,168.0817865564004,1.0437989900905151,110.8729528985661,7.708534728334893,404.94761270490494,5.348346451857672,232.72890156288014,6.897617235760824,0.8774632427976404,190.45247633094834,2.3110646852268752,214.37543281216227,1.1009915078128927,231.64610564640742,2.294505499089505,363.82494632180243,8.909755484495555,433.95716740637573,5.171028242551294,187.81277902096073,2.6815649981717424,461.0532976734628,2.792143468686879,67.67987638498094,8.573738773522866,175.30856857642493,4.256547142380844,249.99211917285916,7.7474962948774335,343.5748111380476,7.977691031521541,397.44939363138343,2.498922440770898,298.8543885596447,9.303424612574767,433.9323848972831,2.4345068655666435
vid233,444.57575910637445,1.3442708077068126,389.02583019594044,1.1943098590463004,444.74291795910256,3.4500551235093524,349.7011002205413,8.029585632845537,421.0924013690698,8.049038514949894,0.7473400651854128,170.86637713949676,4.9407919252546995,462.8196857906018,2.684903792703506,327.6803610897609,3.434762432018288,428.46397492825406,2.3046157389195603,278.32973212030834,4.235356021203432,412.5970040717748,4.384531079014464,407.54034913861574,7.23918530575349,299.1397731308683,5.93338583185575,371.1392620798222,6.242454696329291,158.48156332227848,9.051767756560901,144.48973252273913,4.373398751895968,279.0928795325623,2.978830056819537,336.9267961879894,6.218690927147305,487.66472115506554,9.194017312319158
vid234,198.54893900246404,5.425819983521039,212.89763729047067,4.6143533596730535,292.3350269484616,3.99502688792027,89.55432397029708,2.528110101462918,248.38792297802942,9.794949462348429,0.7452323200268891,358.62814830204917,8.604946037550556,77.69205248669626,1.0581961181156196,258.43374393365275,4.298610258832618,333.1519880276501,9.140539175027206,495.9127505846692,1.0472815364805337,413.55422866715327,8.700852815760797,171.00348795848572,1.1399228750736965,357.30630639346566,9.224704425589062,81.92176160750225,6.457630203182685,349.288542977151,4.876607451392985,378.58459874847875,3.6539491548412255,214.4627157931356,2.686935116306306,498.373746538573,9.160164124676482,121.55712790511136,2.473746361111415
vid235,209.56283118388498,2.5092757754226467,298.25232028463023,7.499677576809797,459.9508601895644,2.7916548849270715,451.6532249813413,9.267864424462038,136.57784752324,3.533520767174344,0.10224468661392648,366.08862090866745,6.966845193362302,377.64217832559206,3.3824174159989333,78.5141102697893,9.3923064178839,466.06194258154187,1.8115827411894265,320.75887626473985,3.906749395758733,411.0727754285226,2.2357954635980333,155.17296574550898,8.288158175489352,415.13812304375716,8.34928094616944,237.1812638010629,2.2406948577617642,248.893690818742,4.802894763764751,69.99372334844402,6.434732837376453,321.8592348624997,7.37879430872299,499.66132430182586,7.053220366195708,307.1939598189778,5.124223012376792
vid236,250.40509955776187,1.3179662818065925,174.9885449612554,7.182276126923971,302.7532332608143,4.008592507357187,339.81224271514805,6.812284499738649,372.8389824567017,4.925588336691497,0.2322746046439922,262.0344072117391,5.483720944885041,162.4352148497563,3.463714871392752,326.53906930418293,3.7856197878830007,462.84601233764846,1.7604120729250181,344.0968710450584,7.5247224949772615,225.6185797960295,4.450680963820652,122.07484461458603,6.965958373644522,462.4051009890362,1.1773647963795053,139.4292666841123,6.281680743307294,203.18350868366164,8.750525141956611,358.05500075495,2.1863914290039816,94.31826384059829,9.073545708728695,89.68470381791913,2.41467382167433,486.20526814199854,7.1735768347525255
vid237,138.65212670689343,3.886884998138466,91.32351198989511,5.513198456199444,152.71356968950266,3.0887619762241623,191.76654926198543,6.132683073340712,261.68266283719504,8.535938706525666,0.582608737707641,362.11556408332183,7.172794358592258,432.91205110426245,8.883344481391983,310.31435341498803,1.4495471378475635,171.0479429723518,8.696560522215528,388.596440133848,4.097979598153014,307.04985293115095,9.191300491759733,374.22139068742536,2.816867633433662,190.42557723978686,1.7208725404486769,107.60523110324482,4.4437450050790215,308.49971748385815,1.7455387171141505,204.24938944764605,9.130077729257545,317.8717710705696,4.597687606487256,232.29536620296406,9.46587890089004,436.7206046321143,5.654248703325837
vid238,393.4992147085147,7.02583810766842,491.6094382295761,9.844686848353877,340.56549589616674,8.84840107635059,278.9375524917575,4.8536358700703435,101.67911666808183,9.987548938905304,0.7652663460997163,95.93700942951006,7.9388619873312996,235.59624622568305,2.9207994883521127,285.4931059340694,4.357926266586515,438.748745730745,9.60565736868298,309.72415632982586,1.4434604517646392,347.2367552852588,9.251903614153507,225.73880841508273,6.608750386407315,323.2812984399174,9.169118403832751,431.310711221389,5.639507322089042,261.0675122274097,7.958624440584641,343.59601957002707,9.791729611578743,321.55821589927467,8.149374437934075,311.2924062849803,6.309644404302756,438.662797948952,8.492471182071899
vid239,293.3808277756377,8.708854909664915,480.99842903793365,6.294307053103726,481.94206254154585,4.252733556003469,460.5750422074134,3.123187967520168,334.5911479200685,5.200470565403735,0.6068269054735553,409.45817383622506,3.663657623235415,107.14698563000545,3.1395664455337995,493.6159053905063,5.77972538632301,456.40264223687865,7.906118611044501,109.92821686117188,6.702292274412169,428.5803382591088,8.189686963845585,71.38939926356899,6.232867454935629,300.47297089791834,8.513807265566472,58.46742770595751,8.201457422070533,295.65755830471414,1.5337880670045911,334.7143922851192,6.725447821338552,347.83213973336376,5.470203681711223,356.31915376438855,6.6754184380380455,477.7219819764308,4.6986100155196535
vid240,485.31583232468364,5.788885051879913,75.2684202573256,7.119613709399648,226.98187861667074,7.956593509758226,345.78479792888254,5.214948428388703,336.0537080382669,7.700461381950856,0.1874215469976341,272.3642588828441,8.063543570593492,413.0367307293297,9.644046121142024,154.89770204558212,6.054569672616957,208.53575965373295,9.97632826136757,174.13712271034467,7.901212615479843,195.87505311355636,7.5968367054473855,128.58585973017324,9.820412589460785,477.651396919881,5.7115550304225895,208.9668647341887,3.0204472453129516,421.9766727008209,6.007470630653316,210.66503777360924,2.6922990830109517,355.0119493968739,2.7332106670940375,255.71823803752358,5.991979570128224,308.3151181318869,6.732896394944919
vid241,488.47629788402753,4.637539241078899,54.278380515930515,4.306848590538502,207.5302644543461,6.227137656957858,95.85580007054232,3.867958527469941,93.70524420974996,5.347410848021813,0.7744078330820232,474.17447107426256,2.576253619419514,229.49203395062844,3.827582899846406,349.18354305468324,6.007821500645628,94.20484908706453,8.002060237449015,91.99338523086153,4.228448971556503,308.6889651573988,8.337328522705112,225.8533420592119,6.629535557878942,90.85532265116541,5.844155673844273,359.4707358451289,8.789729984034345,213.57528420959846,1.0993553596997214,370.65056280769886,3.2880173837602475,464.2945881514926,4.0528693404318865,437.5992964244431,6.214213732263324,81.10845851951612,8.842720142287376
vid242,389.77223315663775,2.854154624349507,104.44272161979032,1.9278225683227967,248.41262903253178,8.629783866358835,102.19780044654897,2.8160191989360426,410.39638212425916,1.003563740891389,0.4158967791994116,254.59920318359903,9.706394578554828,492.003324666616,1.7676663744269574,481.14472475556596,3.5759161216078854,205.6190520047696,5.296666861935528,406.6380411928618,4.937986134417075,396.84795920062,4.514578301859659,388.2021477019009,5.652035668199916,124.01935728531303,6.044997612381975,294.4200228023868,2.037487250089753,172.18760845051492,7.253024479880564,65.60669847891083,4.994934874822784,494.6357989550358,6.646507647631168,277.5926635266934,4.779114591637467,464.61485468534227,1.868104974560659
vid243,484.260994408078,1.4682369896188505,352.2880204479897,6.574640996179719,411.5598348040639,8.071202917826499,129.5398032275633,6.441709111967357,358.25154229655084,1.944043283754271,0.5948564118055011,258.7358936407426,7.287423749874575,178.52184109102706,3.467878511960114,231.42697290335923,5.847444250460358,485.9256034046868,7.305919744290347,221.77085729837165,5.695264535216643,123.54022473748823,3.6764726740534757,308.2006793939991,9.640044688212221,132.08574470674824,6.867758950926043,275.4376576901484,7.198102428456217,54.025706111394946,7.825898513409061,169.13569398931847,7.502856790641813,334.97088216720374,4.84266920308507,323.63149165600504,5.748986688282729,400.39008772208575,5.978491233434118
vid244,401.9112961280513,7.563108440921285,416.6539625610743,9.696537866956517,98.09398274807808,7.296194641816978,65.63407022216613,4.752201684892658,247.6075819833229,4.351087593990592,0.26222258560978473,295.3278721294329,1.4886417935855698,402.1466031980751,6.731379269153695,371.383365156778,7.590244980736599,55.45852452576131,8.989971647008666,91.20203441129325,7.117014067020662,334.4912878360531,7.039427024397152,411.26826524513206,1.0110508714341142,212.8277329213785,7.610241602717578,143.02651357926823,2.4951287633367327,428.4362159524914,7.0918168212899975,131.00370056065657,5.884476680875693,389.06785397583263,3.417786236869727,188.15276222463234,7.909286219754379,376.6120404889518,8.650624499753578
vid245,215.04640176456618,6.637989275232131,97.87270590454568,8.766496803820306,272.452898607438,4.371524628870835,270.7099715718499,3.3552169181062186,107.89008208351814,9.732867173616532,0.8453739465317787,221.38729505126045,3.3230230694865877,485.0208136894717,1.59557429947844,244.37482854414745,3.9017807501548605,319.44925258438906,6.140665905001537,273.10785015086344,3.3289994004186463,391.12922354018326,6.936878333017773,103.06706829291915,6.001470184057579,274.6714097303094,5.814565368311644,325.03163573541525,8.608769773959374,187.25331043770538,8.668491862053969,429.26018758329434,8.75786190742662,469.06602220419813,2.4524019238262147,378.8836545062196,2.9039802338659957,149.70247983492652,8.815075852568341
vid246,247.15070502759107,6.591877182900853,269.45114767745144,7.017657457913708,246.2132163951767,9.728085424639625,215.03282769492418,4.840456869128097,51.912943566003165,5.64113501609387,0.39423881100854674,135.44035808531768,3.265976085517541,404.2543533972091,4.090781623687672,229.09606152643397,7.828631575402693,315.08400345855637,3.424896795242206,268.64602697251655,3.488944239966834,131.47853470408447,6.62196385626294,354.664843497645,2.1287522228074507,467.8240206248178,9.246664825570239,266.72458012266884,5.158669407804242,90.83466662245357,3.162171496845051,121.28016009050485,8.09003111344952,432.7871694584742,2.2031272445610313,346.0631961165801,4.734264872770458,399.9637267375849,1.3020354095000501
vid247,317.83190118212144,3.2845933142333834,86.30545107468768,5.060393207644195,298.0578590362277,2.8975087955704457,212.68994258499336,7.928425677929637,495.75664278351616,7.740379099959889,0.3231831482582269,279.0556639258608,3.683464397814201,250.5332703497543,1.4601313552565418,327.83195403787886,4.6064834746151,197.71703191436256,3.2727209161860342,383.2315508055533,3.4383418245439836,235.2028473665456,1.1698480556391593,78.02056897569162,3.5064100433850327,422.637514970822,7.479753612736405,439.18494778394194,4.4721444894639175,228.4992001864949,5.253172248550467,426.3744455618908,1.911980584653353,233.01449477458962,1.5227905511650421,303.21708874820695,7.658114606700729,468.8124399495952,2.0498717527623356
vid248,167.12928211230542,4.5397999667892845,169.52340042193777,2.8918138393826816,129.139015806737,9.211861449589149,54.99292126400262,9.587827843442009,194.73281619576267,6.752575459529151,0.3808844006098844,151.773743645788,5.923158907242187,105.0763287966592,3.923232533211036,418.7981451908164,9.453478745626958,137.45562847509825,2.3114205506408902,359.300986344408,6.82538871644038,498.63893107205223,6.934512050114426,229.79941907414752,2.675726301325667,350.0443289344988,2.244883664834099,359.0318904647941,1.256498100759496,326.04287871724216,3.9702398279542366,55.34349938180564,9.367108170508809,355.42216253603885,8.485381323161313,257.4207051127131,8.438383728430285,270.2827247742131,1.3180589391026363
vid249,217.65371727480556,8.476595203446937,420.03335250242117,4.679762784219834,252.47909541145887,9.181054269479857,114.83294175183633,9.218443964703413,417.50247042362656,8.032428191112164,0.20220203884426474,190.93779228102053,7.8259892191715785,86.00886198044645,1.9445558636742262,379.0083082472709,8.732250166318847,322.04895493918417,9.70227301765867,372.2252294682885,7.876167786420729,417.2758315149571,6.784169599148582,332.48189916801624,9.470070600363117,426.17992135104714,5.0035983037411835,391.4144451115902,1.0222647494935424,373.7814463897721,5.08724411028302,460.59233422272877,8.198146049481869,183.29443980378062,6.386272075758948,323.7986799507216,4.526686734982194,97.65730484529377,4.522648414211444
vid250,66.36000768008098,8.048069030115759,222.83927474075495,2.553553587347013,445.99139706395454,8.482977210820515,447.6193171329003,3.0190190293948613,416.9963816824947,9.309851038439326,0.22599101524774828,398.3461519110102,3.8958729948534856,93.89884315284397,8.015835563707386,428.09420834491425,5.407348083834616,314.6587724114961,5.811361880247744,167.76064653323567,1.208730205344478,219.5951291423007,6.881673048071898,272.4134846835301,9.493475607835451,367.1134942128095,4.193122289656989,420.77402301387076,6.7078882198867245,384.42400454048396,3.853330179267925,181.06901894223193,6.609146642062229,80.37792426674966,2.5911212715981877,254.16983056905616,2.777462104531207,203.69688484920582,2.996110058900121
vid251,283.8203766358421,9.813664664166192,159.15762188892552,8.519402223935643,316.46245909965836,8.383396003500788,246.79398862666315,5.446295245451236,499.2789068189722,9.388282912464925,0.1645502749078922,177.6476652970391,9.361156620964419,57.17089344496717,5.480204083025801,223.57770923190301,1.0702382094093348,158.60062123568846,5.597333876671687,119.91025923033601,5.517976108647462,182.24462355672367,7.972878792533545,300.1018417204162,8.033635065263692,406.2692084658269,3.365738690891842,195.36026731790557,4.715197537713998,126.91969114776359,8.052634343237525,201.81708147776243,9.757311678498507,166.1101091196884,7.514718529078582,175.94829610106206,1.0228880163017333,115.31867167525697,4.796757575586921
vid252,473.0655837562381,5.067480271280579,446.1367749500604,7.375103895729088,53.45736042851715,7.337262361183315,235.84241107572373,7.930131934029064,168.59303301410085,4.592187354252535,0.2569263275689043,306.0464076469453,6.32757204000652,102.65681565332736,7.726914436656425,480.6228553412104,2.433359080599709,146.8381045577721,9.825066698890458,324.69787922486097,3.377827640607066,386.6499054237997,9.024820277763705,356.28147262178476,8.498607104648503,422.77727397107344,1.2925140187236468,69.61171253783496,3.283621675838879,427.78938600563407,6.102089446089011,303.70135836696056,1.6083919787998897,139.0376159786553,5.606478326303451,417.00560334831664,8.544890412389908,418.7898825228341,2.5932344667515315
vid253,257.7727982462546,5.126632056416244,133.25819860254813,7.4019300820376746,244.26174153406268,7.093473926082655,264.89501704184994,9.673676099035301,170.37966567988047,7.427138729213138,0.8446192641529259,495.7013051184102,3.382457116025801,50.064124138905925,2.764108888604249,478.66290214132897,9.976381943161298,213.91424024265382,1.9149373317350986,351.80379391117305,9.532091863156372,143.79322553534135,8.007175216354764,165.1242925131881,5.28546390932542,113.36576668587978,8.521486423364312,490.3325201130019,2.4843154013504907,408.8705424918733,4.386882327709304,115.20856609465474,2.794274786212929,437.12766350107097,6.717286291202992,332.09297743032874,2.3217913558104653,351.3663559966233,5.870582562601448
vid254,407.150425056002,1.4262227083568022,468.1820187732797,8.271214225909453,250.34559585925035,3.6556915022669596,109.45041403502319,6.7449803258927465,454.1957653672764,9.106843391626343,0.30747044837819076,293.65829395490596,4.328069820224275,71.91027411202069,9.813752132756196,325.6049470767389,3.5691909911244823,329.42845976107986,3.090314480781218,56.18986835741795,8.222866890596569,343.1040714424068,3.0649070788662027,432.5657316222958,3.732607693820253,253.4197385090688,5.546533689342505,241.29771260134666,5.9650042836413,87.74686100977931,7.770154617082011,58.865441408933975,2.6359649502877347,262.1756360696652,9.020129739847423,404.2260227248886,4.590319541232127,403.0829120953799,4.626422147660074
vid255,292.66668147374105,6.226064800667696,479.0313640484972,1.606954784235825,115.33740648444493,6.6908633790142025,151.06440834481577,8.522660853541922,176.9029409458718,9.162103006767689,0.6209427401166534,482.4930147118299,5.4780852503296815,331.47663581718666,1.7789380383401545,134.34140000871108,3.4054197696615116,80.3273664307246,2.3909938707393747,66.33284733999226,9.38630500593175,387.2456879718533,1.2421071918077946,403.65124225017536,7.870018657229044,73.06470550009506,2.4413002969685316,439.52540334686546,3.841676899283168,499.82168804581937,2.1858577720341774,331.18687187403293,7.46563874549294,201.3184924908882,6.00390388203224,108.1460565050883,1.9764083800035328,387.5291584918575,6.635484030045176
vid256,387.1675692327836,5.2225172819959305,216.57268215178829,3.5501697074578864,115.69917011138233,8.424293335251207,463.1254412431094,3.83742968528127,149.69473384427255,9.588948337975967,0.2175518532144306,433.56415919487836,9.115026689351804,457.907589160104,6.629741628526851,72.78726808268615,1.9188772318945178,220.78424631041955,4.947136769939522,491.39097981774233,2.1111160191583824,127.67740186813636,2.43506662857237,176.87507294313713,6.014970247157063,85.0970624386552,2.2222672143029407,453.0462154577901,6.875866063184407,149.94016148659125,7.9747986995155795,435.3416780062259,7.995536463720528,391.20634645645606,6.569166422539558,345.137422283039,4.695994657577236,189.79029150389414,8.687165997488883
vid257,257.8547855318525,3.3297987630877945,119.00659774533771,2.8992210089092603,238.49584454309297,4.525269890513835,410.15652479850866,4.231428599710917,159.78546024937032,4.205763037430421,0.2804010294550876,87.55978767678141,3.219842485767894,152.82297172330976,7.318353813398768,329.9850574712771,1.8985389095532494,51.86074386097157,8.526851512988383,169.12257473651385,7.526145589024503,174.78773921763602,2.2934963143860636,353.012499389573,2.4992356595123884,193.36917352860937,6.002250552633643,99.92094190108197,2.436948842241812,190.88198835291934,8.181637517327658,187.9561951540363,8.216712653226685,315.40226671305294,9.890828723997474,371.20376000198365,3.1195183833542752,192.21357107340506,2.4098202628897423
vid258,195.91865755651244,7.140643471446687,90.9368765387764,1.4525746744252221,152.988468340008,1.3471277298558753,404.9557338326526,3.4496365762937504,465.8018608740007,3.265126001676445,0.8613893691245014,363.84274774801827,8.711242810021833,265.9651179992252,5.436491753807485,393.01324012775433,7.253771606581298,100.81372945906315,9.450358708275463,208.86661978932412,1.5462151731894331,486.7730336173609,3.9095811122749655,51.326635986527684,4.61277520921362,453.90692877159694,8.335153001451246,69.49634569355726,7.368380838596524,491.13332105032896,7.635265807728149,51.677711762781406,9.204219150134183,481.03610241286043,5.018416226721223,210.08269140569595,9.15850021643239,69.90394226782016,8.915763022048955
vid259,74.8516934293726,5.202441236194858,282.9049787680335,2.6259951293824266,342.82898586180175,3.3412830115164818,455.41919095387385,9.41616497170278,232.7970203593676,9.406688373281696,0.3478413835076799,226.0983039340993,5.765850274063308,98.14492950986653,4.759953542378625,309.8676787840962,7.786770123587304,243.30281691410943,6.358383186821709,134.92659327424155,3.670567361901556,452.10324286283736,8.40897384103759,196.3904890883611,8.314692764971323,492.7579498764183,2.2801134067277937,393.17873626098856,9.399189500694735,62.49265438634352,2.2579469647288604,450.3468065527776,5.8856030617348,176.26638581743455,9.758565321322592,381.78259592072305,1.2809293685160856,417.59095119713123,2.0995926981877457
vid260,151.7660318909449,4.532453637185446,481.1885039821174,1.0278368744006903,111.71848539725195,9.612667684456293,313.14481164994703,4.842987923468755,354.4005061452294,9.608539513782835,0.6763783044197338,127.33293290755533,3.5519711093729804,428.3461741014866,1.1329385270003933,183.89776922197575,1.5914665257093368,167.98052013434557,6.21577335102688,324.7902675150882,3.148984592171104,331.8038388434393,5.757746966579952,422.8351137235686,7.749801726332193,339.4458351262863,6.245708762181209,253.18348852010394,9.582152744439968,421.38646475429886,2.8619139307414896,442.3446316402723,4.399759383110213,393.04052828108877,4.302170049668643,164.28590163804796,4.50936213355787,318.5492761535764,7.369339131203085
vid261,107.39169911347874,2.46769760143152,403.1277714448961,2.084318972670353,159.19062194059893,4.407785751274547,304.7544592303839,3.1020887473424046,290.88615008144825,2.3138933346538795,0.472112301594135,446.96637037667904,3.538550333182024,128.5346966397055,3.571883914393272,275.54476543231885,2.2232035501744734,237.36211429945064,2.61736277443718,188.61611698466643,7.87504578044089,189.4849420503631,2.0611319901489518,232.76859912263592,5.164249286690019,444.9322358349326,3.0179163248241356,268.1725897620662,9.720461148680188,176.85903380753552,1.6692364484868993,227.3724865371922,6.38280782678514,89.50206316952925,2.6780088897543783,448.6025640289381,9.834770180952992,256.8183562077378,2.0059685307092865
vid262,307.0069431586042,3.246319775088027,453.8164119254605,8.563925290419089,287.0413764389765,7.375702418547947,396.5919346446451,1.5357308838098267,215.4239809433817,2.269657537389002,0.643813753592976,404.1427117976353,2.3063578201023858,53.79299651784026,1.8444615845281502,322.8338782527918,8.861861745280478,426.1587688104866,1.4638394810518027,156.96537789564542,8.712963053596983,416.8091676843134,8.912585841792472,106.90574733579804,4.94094638350485,316.414415726327,9.265112676025105,441.88306230303346,3.108391631833543,265.9187841667871,8.073027525984184,379.154888038039,8.791737514051468,260.6416692529608,7.662989946903756,262.77393205543353,9.45271470301097,376.02105382007164,4.4356045105936435
vid263,468.1730064142275,3.848056940291978,427.10520402779605,6.553873689187509,106.70336929051919,9.789282755604072,274.03137289070276,5.145991333859922,283.6704918097372,6.449710577614811,0.7625844230919329,340.4461489860514,2.189967562687595,370.07192715078287,2.2374171114176935,437.61745619137287,9.869263307692979,400.6422122174191,6.977464426674873,345.40231500033656,4.357046451894415,417.4139980115392,6.137683741590716,330.21352043752967,7.018546616991407,129.96236945024202,7.376408384408989,67.96603968096946,4.0466635693364275,301.1151434807578,7.129591672492703,350.0823047003513,6.397319070848917,267.11447391541344,5.256310491200357,440.3342165612541,7.358749970859744,207.96517752895033,4.337620560390997
vid264,474.4486925797044,6.264499827706141,392.7423397712047,4.0887702755957225,444.7566605007353,9.286248871649736,338.62061870840665,6.168820224072891,267.61641115890006,2.589205665129599,0.8963479983317906,65.7058761963286,2.6620083472618217,421.9407676050167,3.2404226505189224,299.429824637914,5.356674842665346,398.6889913545316,4.1960664471915585,225.51176185812835,5.276450038546947,120.3722368643119,8.084357817453325,435.69945646349623,5.522745213598303,332.33818617478596,9.092251268168026,454.7704896580281,4.268124493333794,420.9883656961948,5.389449257860504,133.3259941505695,3.9807635380017588,499.75226318038654,6.8992147154619605,475.079316414162,7.852476007555888,408.6423454237455,9.748996509126249
vid265,65.82545869226672,9.958088719079603,469.0374242095548,5.7022595220004435,362.6087734333377,6.852752153334553,302.81264081280904,5.0740582623183945,472.482982314926,2.081942217003018,0.6349915437667144,497.643185448074,5.807877900915496,281.90106031824945,2.690817254934083,66.78044814765455,7.945331739407468,197.32701859299019,4.853579867089595,437.4931968591352,1.2629101972881984,50.22779695294233,8.501723779368415,169.69790941239123,9.366145556447117,302.52548317706857,8.566915693733893,491.09365250184675,6.556303332577849,410.7331117096906,7.249494290710091,207.33788492550758,3.637314662716665,286.79914216094284,7.764698368590671,97.34126484204694,3.9909339714624696,290.1119886891545,5.452446816863276
vid266,383.15479622082137,8.235831846021174,490.3157042322581,8.962602749437387,278.84090168424416,2.3656086826171236,424.7395641695854,2.9657892182257504,375.35462476446884,8.885931498156465,0.38919124521486514,192.5417727383128,1.765890999116569,265.6295451171386,7.495366752733288,450.5703763883779,7.459501637720839,200.16401382849585,1.6514738457007883,437.42075736780635,4.712813037122421,489.42649210516606,9.760441569359868,81.20901610495798,4.649909435191411,490.11924160596374,2.9949979744373674,425.4024814540838,1.3312507775705567,496.7663362444394,1.0155493835056255,442.4159448337597,1.2789863140587139,79.21161466542543,9.569499522770306,458.98611820035734,5.500414068301013,323.6508990862881,9.025600086056713
vid267,337.4712593678019,9.556814465162187,356.1676721720307,7.243504664522662,105.43533516600586,9.196428578631172,384.4083625351791,3.807868360664941,465.8325028323761,9.113690686452921,0.16017219689720266,99.36504250624662,2.984562202344061,386.07153402036425,9.713710808157623,268.5037052777684,5.176121362986505,431.09505957360625,1.1399178662593252,283.08697625454386,6.5395005732259515,305.43433884146896,7.022006250243991,117.0882506677045,1.1320674338239614,406.3227889710771,2.6178559322262247,277.34042164413427,5.669379271225576,330.15772576911047,9.172906234067726,350.0169273948091,1.692974695412738,68.00269506288852,3.2389115526965115,65.72078616788072,5.41971494497349,235.15789477068307,3.7214077886058092
vid268,276.05516064114556,7.31806596874151,324.8207445057196,5.360604885264271,268.07241498596693,8.769970599414496,143.416808330007,2.391097302339234,207.15473260472345,6.832891533281984,0.4883992427067899,277.4218919512502,6.482314519296444,232.1813031560862,1.7162033886784875,210.5721732452718,6.146057072659608,352.2506562519086,7.273063164359389,192.04962801145348,6.861183337840335,442.43695590866923,6.499593467663849,179.40213861797386,5.783180218605089,477.9240716505196,4.378844390147637,292.43634122514777,8.186285752692854,257.2584503310029,4.476499530792397,489.93840484831924,3.958544317652506,453.87699434275993,5.053447750968027,292.2519717802718,2.554039608170725,330.36417002300885,9.704825586019357
vid269,408.62180537402537,2.7343783619204234,435.1138051279955,4.980764161928656,149.27821900438698,8.21382251654099,469.1826597491064,5.019897024902621,361.893278116975,8.371601734017325,0.4904314225553169,318.61177447874434,8.863848275325093,152.19975828047995,6.686210149891949,242.9739378594874,3.5668892462088744,252.1781743540018,4.98457784482057,439.5339265319399,6.428022593539184,199.07318035638318,3.1743220068857925,58.73965007168913,2.2554395199888035,384.87519674730174,5.6337499219038945,263.18367500069235,9.8472988984809,138.1421061686045,4.97230809681447,150.76446918761127,8.360800450661506,446.856972042285,5.122270222936782,416.8309701281253,7.4728979361721715,177.58372460082495,7.990503784234956
vid270,219.86176954337864,6.089867593808779,161.5418709163431,9.169749052209546,491.45228924613957,8.619170241317049,409.67169027218813,7.458751135321943,193.74562269415165,9.66400113470177,0.40930107096884616,117.0120889844013,3.7869457668447764,208.56392546381855,5.37349845959036,236.13257728244432,4.881267158870353,283.9087387360257,9.187348744097164,72.57034070577942,3.1713850316994825,413.6508872078677,1.518163934111167,473.6366315831381,6.222123988933547,228.2747533962261,2.3699506515857593,273.4130675582553,2.4014505908082717,488.07719791568553,7.733660008852977,84.19605900376958,3.8126332620363628,92.06779719497993,4.684184871662527,330.4274971615026,3.532245976039287,340.1133062877112,6.17344519385336
vid271,52.87350132653098,6.3274482584456715,97.12177494885043,9.1120755590332,262.67853888141747,3.505246355083278,101.81228112463208,7.885331485327317,464.14009806084545,6.8515929027362255,0.17319670832609751,51.6986810897307,6.908039498472242,494.5179057835515,4.651544697083363,450.5686850977714,1.0834869006017893,421.0908482077551,1.218858058986572,486.5162539777235,6.068723767169843,149.60555653959756,1.1471440644885496,230.2780891520042,7.779642504663645,96.92589880501873,4.544680314981626,307.8202193497972,7.909432066534809,50.261620756663135,4.114535271474273,477.15542305919854,3.5947082150985636,142.81804524807384,8.479062654385043,247.3051682968297,6.74970751645929,331.9479147913582,9.262614207630858
vid272,110.12233472895633,7.984189223697467,153.04049162599054,1.9177178597507651,366.9970762060191,3.394972887741817,291.79073996300195,3.878785270316159,129.54674692731453,6.386062097079418,0.10705317951848325,225.24096186748596,8.758554075676155,209.7605306753748,2.801866871789553,381.8611959332766,8.098659834614175,458.8334005910933,7.245422601440271,161.176818762079,9.205860264985988,466.5077209414629,6.798842627144799,164.3766461428341,7.634118132432971,143.06826682889522,7.695877163446743,421.67093376941733,5.611004977009092,217.1610307931824,7.314091363009541,370.83008390058615,6.771182070340026,67.49392214495364,3.291148785693089,329.25715431081557,7.840431172031072,211.9415674336574,6.865181418022034
vid273,327.20043082298844,5.663838948915654,69.99585157332066,2.919615677558869,186.30825143518982,1.8054521546888251,248.0998109115344,2.607749837070631,95.05988280753,7.283991842590071,0.20688190076803148,473.2430989589864,8.614863489097822,79.17129643996984,8.377485567699622,238.5662088659455,2.511622075357452,263.73262171073713,3.051350946433815,361.88673360941004,3.128170611151294,128.65329485530413,1.9577039845548043,324.90443352403435,1.9775400728070385,195.1419431662763,2.771629331266606,122.90419773911432,9.565760857179349,52.48138767657716,7.00123358255953,252.087985758385,2.167897231756469,232.02606817138079,4.9625926793192665,310.01472086351515,3.8045782494583573,76.52979750651257,1.2027977479135343
vid274,154.9211657106039,2.9328306343965975,94.07143139378084,8.79458604477685,98.25685117069162,5.7570688276674815,275.2632577543357,9.344925643405887,426.0475965671744,5.1554453432339455,0.1601195456190186,128.86168459507644,9.349969325793621,372.12892440549433,6.925679242424784,127.46421772120785,4.720327702360244,352.2468247983342,5.5951101794687785,225.0138495260205,6.665743410870994,383.4013213282445,7.545840211388657,88.17785089325142,5.008713480712425,441.98640587315623,8.1014617054676,125.90180677055525,2.630970031723805,297.94881071243185,4.2893413826420606,295.3865172719727,5.137199085470452,435.37632517627884,7.525486648324264,396.0827044683151,8.725268588031334,487.3178540487109,7.3294255402187
vid275,231.78391870999923,8.802668078469395,399.3243241773078,3.465324130461964,338.8708902973015,5.2653939574149975,297.133248097832,7.9838881265932855,144.71908589130558,6.873352439375229,0.4278325257717167,283.70702707815474,7.714548562770132,230.49374728421012,2.3539844621052746,119.08758404069467,8.254482742028902,430.4240085002017,4.743567476695658,94.54866881340493,3.6873233006588575,218.5309194086797,4.498080675382777,233.95748773260775,5.658151014776422,256.6201893250769,8.22704176441352,132.44849637857953,2.8117912488846666,412.6225179477199,9.865721977047443,212.1636169592298,2.336263546373528,131.1755340552089,2.6916403319274718,385.5836334752853,4.884771474591268,131.6360325855942,5.7586975628370585
vid276,177.57304744415944,2.40106391109608,156.80616606043856,6.736110839099075,265.4891843761684,2.8656082651458457,170.7962825935569,3.3796256434394376,253.11018602794283,1.7360012297886693,0.7520585560403202,136.7799008469545,9.446327013618733,287.49137239206783,9.829735001131628,175.514317365868,1.2642544463455532,463.4501149655347,1.2072818827938328,107.8101367744537,6.830610282798524,293.50203335418104,1.6463312838560182,119.24180442661209,4.128852498471501,389.0389135863504,8.47029735188166,205.24313126777565,3.522259438785833,164.78006137581895,8.529184156697365,471.27868945736265,2.833013068356,239.9869720749953,1.1757517675240594,493.9890019628746,7.378034739039278,464.89221064598877,8.643990821302724
vid277,427.93264302760605,3.586665159086663,118.0907003507791,4.714107531857859,329.3890237072016,7.99881501896652,54.680293488865644,2.2240912144961014,206.2992163697284,5.052030677950864,0.3896569147550417,219.61491492726302,4.9939937990011405,158.76315329205988,8.337100259162279,244.71323177405773,5.003396073170958,396.3070840719055,4.185521028345607,382.29396746280446,5.650152601908032,162.17876823144263,4.349108246387409,54.35852735559866,8.58737311405623,398.06888983128334,8.346118041028216,404.325300884458,3.265614146289661,453.91826962957225,3.49897406933772,114.5580363054212,1.2626546260416618,55.416643037232674,9.294239854147694,489.4775944923631,8.611132360948707,311.0010497562136,6.325565255075977
vid278,262.7117829828344,1.1073281983723295,83.18937959297216,4.356109497048418,343.878938183415,6.47371388247948,306.53557767720395,1.9708094625023858,354.88643362991576,8.26252578516386,0.6459173207583304,122.59816825730577,4.16310188333334,312.7764598319631,9.953939509364627,363.6698955070994,6.082720707749035,74.36488704203661,1.0540730148029946,110.51923916379855,7.758769691946921,230.78361932261038,2.9496240580901594,103.74488956860614,3.6262745199812434,120.31893370242776,9.964710157340749,264.4637860586349,6.060110291274616,162.32218122924624,1.9564770360754453,422.79047365267166,5.299105131761698,128.3197576590893,6.623103387105269,184.19801512374463,1.3671915158185413,368.3183443960222,2.678688662100517
vid279,96.78960917329623,1.0130439585751403,363.67296075899014,5.911151007511036,446.1660416679403,2.7967739948343326,321.53760437548436,8.77125355197468,92.62768456523517,8.84847484977594,0.1710671627047507,148.21199276391735,7.274832815078453,337.48037864547695,9.409753061303743,315.1681708203817,4.549527876402792,335.95473351111866,9.501143132523605,242.37430702585118,2.0849501641997352,148.06029161123314,1.225487596923053,386.6641406395073,9.56164966970116,424.05360163601176,6.544230412504852,283.0460759830953,5.628230213940792,223.59783807610134,7.738975089980156,414.679931469816,3.7250084604217975,318.4486023288468,5.283899141667377,358.9698217093345,5.48093022890205,92.75730489039452,7.650086853671133
vid280,195.912024075149,6.557776140112899,490.3749772499874,6.394589691956744,309.6951445996566,7.541789375211753,125.96571219202187,3.6583722850787956,412.8400294659775,6.361743863025962,0.6280386269947009,100.67219610887952,1.5406076267026538,404.08177292327576,2.1601367931414828,223.77396439166426,8.827250122146182,347.21206137959837,7.467279466579642,407.9642038806087,9.065821075727357,286.8573085624856,4.723260088481728,431.3876530459948,9.782274173842417,455.3726444624844,2.1125705577249696,235.00632041502536,7.12950829772336,107.0526151405601,5.251900891198982,193.13505888589327,5.812583106216072,246.4650316657225,8.061766024637603,253.88668379294603,6.807752565186908,116.07892768362775,4.4630185424598325
vid281,310.9316328834322,3.694550043479441,425.236424201181,7.461961647209845,355.79666315923436,8.472371331650706,217.4386374614753,4.000161405748133,114.04770997534524,2.343845759963258,0.11971782238186367,52.95588429660307,6.142821340572516,329.7228659002419,7.964476649409159,227.20051206211312,5.662143759510402,124.15960007273502,6.3698618026711955,340.5574429557452,5.639846648572953,392.39594629400045,5.130151951526153,254.3475063692109,5.780152531714502,315.87981444206554,5.500556535221131,97.53875199674056,7.7294138357581,437.06988864659604,2.1928020640552894,86.45167727801595,5.318537892525919,288.60073931601994,5.662426938597505,78.35635610253988,3.5009753118343747,459.9855392294741,7.600553769960358
vid282,304.2286806085938,2.865717256283628,367.0240104914694,2.9665283092493997,238.50932503052994,5.071326278783448,375.3289834576297,4.750978709202734,164.88256699031245,5.777051028327703,0.3791554251685597,307.8391286028187,7.889165569632637,298.6606769655107,7.660196987388133,93.51151411707644,2.523083830712583,152.32882728638634,3.374006436193577,271.1795696248914,7.402152279795008,171.75351236660754,4.60022012313035,439.895589765738,8.990150199600146,299.8664630505066,8.888395740251813,366.8076954218468,5.449015303272657,277.25717748476814,4.156957640151264,467.10433826547995,6.7131196365700605,314.96102619185194,9.982040058671885,351.7249733327962,1.83153972430528,116.67054177798948,5.359859741513249
vid283,294.7446338103436,9.818400416974633,341.9144791608592,6.548144077004177,198.85112111397987,2.1487672387710224,358.8475203387442,6.000293988098837,462.76565859420197,2.684173734725321,0.7653481083223777,267.3576714033427,5.030238644367696,58.985200458492415,5.507929326806306,477.6369549790102,2.3007446472330146,66.05743966713437,8.369942426972049,420.8420545585025,9.14451872134319,367.5131092901464,9.969588143090517,285.4453392516847,6.929294255066888,451.7655683427235,1.3352885827038719,101.67439750661617,8.570299355498623,488.8713160926783,3.3120607826867414,91.25358824918568,1.3999043846870363,392.4798376923849,9.437843750314968,152.21553792358435,8.2443175112115,54.67785885321621,3.3446532691458737
vid284,369.4457751128476,4.100999229503939,324.9239583102134,5.1906227283689494,444.14978314449337,1.0613034185851788,81.9620699345024,7.193007293658733,220.60893184346827,4.587919053243635,0.4804232429511657,90.0932906614876,4.629717521752885,393.84861750847006,6.482107533994892,237.306453807935,1.4531455109907516,122.51441992538824,4.103423855818586,180.58354610799654,7.431579134500894,481.688066562274,8.930600194186493,285.63081608602533,5.7597803849006874,126.20227052430023,8.499650625593725,56.25834387370979,2.932530934522195,126.3328248821627,7.111599297822932,246.57302287084684,7.675395282174996,488.72236996506774,9.825810634797968,74.67526994182532,8.752488209779441,113.51707622986102,6.5886208328886475
vid285,449.7635433240373,3.7960014056846205,339.7884883805387,5.027114341567481,350.446011215364,2.846480609325979,319.25051635753306,2.3035235402343313,125.21076352383072,3.8653748427748638,0.7669754657301372,271.1993574918003,2.8357737668797434,420.36706616784284,5.160164187782065,221.41794330411716,3.493236831022869,385.9770765694357,7.700629864646402,90.91037982780603,8.457356222487736,126.27746844773036,5.335306733182063,462.13182233355593,6.869848336387665,311.3862421311833,9.987702021941846,122.79249746229756,5.733777187299814,415.18966156074066,6.065518738114815,444.1022283314526,2.4121396628266822,177.88614432198165,9.184152170103143,313.3931737294818,2.0241134006948243,406.3078209138441,2.6234240513544207
vid286,226.52935825823343,9.167429609373345,144.27470081458742,2.286789170133906,191.9636439791851,1.8491014292260615,335.9647081063012,2.23738201376968,227.59531594140634,5.614421231268671,0.7890916607598671,237.71575638661284,4.410029619692972,235.95223459666317,3.40893261532169,251.1582652918149,8.533467780630763,446.23783737967943,7.574733725140681,486.3126874516721,3.016463161626778,219.06252106772607,7.112684930434472,359.0901113370649,3.171861561660786,431.21600026690265,4.857387731050752,65.3968348150363,8.632464196443143,278.8338572445576,1.7859583335158673,337.8497107642096,6.059720171890393,412.9668447833081,9.718619711935805,296.7018913063207,1.2056221684019692,285.1785076628839,9.511135989638547
vid287,317.18682145271265,9.513861667630081,344.03967531723606,7.901718755060145,91.80033561800221,1.995997235107866,95.14803549099935,9.387577358631006,196.28493500507957,2.5040648400894505,0.6859064812533298,405.9855125952693,2.630845697105153,386.9557766174506,7.894405228734592,68.74646560566583,8.577165509876782,283.3266658990724,4.536998144126743,167.33714585534392,7.590619879327318,407.9609834397985,2.0433133051537613,327.64599314935447,5.984948150259494,197.65129626891186,9.250270882852517,252.36370315269755,9.517680473361812,126.36366614424354,1.2585693559616746,455.6994594684888,9.098405881245176,110.32426878480797,4.273091310069413,452.71170737513745,3.2213705505833135,221.30831932294112,7.941622864722862
vid288,464.99064768753965,3.9191661116487775,209.21697973096596,8.544930995759128,198.15986017786022,7.340178757635963,432.4593961413949,9.740808876163742,147.29490101929193,8.80293708542537,0.5527049255576458,214.99397706009404,7.133063681383403,386.99009483878905,7.2919729545749945,140.39839625157248,2.9844995913458576,298.143672906951,4.561161649583761,299.44286379358306,1.615271413388757,252.63425552325327,6.283213667141043,448.18041434179844,4.773165984385645,422.1259416198871,4.646736290394597,66.6858315109973,2.1277404961844764,440.5456011092611,5.4307651865016515,413.1336506189701,7.146812750327008,90.28694783940489,9.926702369423767,237.82820711817206,9.086407109537681,183.68953661479748,7.6873372429788205
vid289,363.1532862152281,5.614811694121141,107.42446612572363,6.832268868819247,335.1377477461577,7.6491292668765345,95.82526428702586,5.984804133918207,72.26024604609479,9.614475835630776,0.6409145713107132,322.81063698217395,2.4464127686237553,470.3353122377003,3.018461663388453,435.7440767408482,5.132134822724349,292.97155255541014,9.417720081666909,468.9819311207952,6.243426720893565,290.4293138739661,5.2133265838547675,452.1322630012512,4.974864492534349,90.95476304278607,2.6108781590971906,173.8385283478459,4.363454157375683,79.90515793016162,5.7863537094926425,428.9116215955071,9.002673573860775,271.13243403956596,1.8979641668052742,83.95916690675642,9.96082814803635,92.22584719812635,2.478251734729237
vid290,244.5621103614115,1.9487361298763248,312.62530119006414,9.261279896534873,437.2752964721833,4.998477666672919,434.08194887477345,7.549705874107733,350.0699694323752,3.942807118612621,0.8181611373691905,104.20236502157758,5.671622331361303,58.35275161034777,2.965646899675211,321.998736046292,3.7957093293946875,466.5089753329832,3.1640053850034855,110.94154433840652,8.592446855425768,330.0429989373621,1.9892607867841519,305.6820359444033,6.6430233235711444,462.6720556394703,7.597303782148082,475.46820432208443,2.3136305711536402,388.3028755068893,9.893487655784336,113.17811408652506,4.707738111303901,341.3655781962813,6.290249005564108,76.51443680899617,6.526572753962968,354.8586605466286,7.297417752434942
vid291,282.6526840890378,6.750985234655313,216.49262674126234,8.00337413933068,356.5902335062029,2.113394570428056,387.3698831437978,3.3297777411951808,277.8473330585774,3.1810935742133846,0.8046471610390185,98.83880284812304,9.49004734048759,369.99805690034566,5.31780232107186,251.34023301319607,6.814377203409999,428.87968998348117,2.273403196863116,85.58730428841464,1.0690007648866604,121.07399207806039,9.490539940583478,195.1750760277115,3.87847826312843,90.639808963173,2.8333204456873453,105.26825924458137,6.136766432809977,416.0739296173174,8.582035712375362,374.2773143596936,4.249538182304551,394.2457317493091,9.914093627345595,226.4423399495917,6.105655679899288,359.17571888377785,7.791229349806706
vid292,252.61194141147868,7.310536849229397,228.32899503145524,7.851258731215639,100.22956944743163,2.831881799324419,403.81850584908403,6.176405566445531,230.4990856612259,7.426790140506906,0.43999219438902804,288.0357435960626,5.721085422469686,275.8124830329308,3.582694082826403,457.2424882147028,2.0517940936334362,330.2285451967925,2.8048094452523724,333.84553579196586,3.1890890999107535,303.56713540266844,5.421849521392331,145.98357845569535,3.0253336475864807,168.36507703426602,2.6024847729044733,151.35133837308314,5.638099326151939,367.8833343553909,3.637978779570817,276.98117293790017,1.303049346018383,431.58557660153167,5.055966630363099,248.72009119928921,3.9881230849840454,86.07674311792412,4.971452855120816
vid293,192.61037144130293,1.9348799363171354,51.79967988345008,2.7766097215907135,99.23876365462331,5.3157080768576375,379.4169134453507,9.506430036955571,423.4177002716285,1.747093850007476,0.5243691344024577,85.18168191031288,6.942325853037254,173.30097344471284,5.6676959492168635,397.0093056897922,9.503805438096244,493.67156095334735,9.326344517692998,51.4524381377504,6.719307572876535,310.46180898876935,2.115586018339396,83.17167474870055,1.8603610957409997,141.74957791630317,5.914725665334694,274.95916261298055,1.823656383309689,349.26814753026986,5.532426330663187,210.66721134140522,6.505422773407924,294.1521689304701,2.342533588173932,306.14055809513883,7.333641309548499,383.1562709672734,5.377064138854142
vid294,160.55848328347787,3.8511836457324753,218.22596616731542,3.928503723253244,50.94024781818419,4.163513327405894,231.975547087892,3.4875932161417276,441.52399169647265,1.4546711327650368,0.4090682469706476,156.77699437687892,1.5334618606368013,377.87008596972663,8.084049971154313,324.17742413793246,3.4745437171220943,152.11950941901966,4.304117601093245,338.2599668198577,7.757461473985232,382.6225465200017,7.766626062969527,76.38777878934712,4.6612250811071085,172.50165481381833,7.7027833561271715,104.56319570747446,7.763163611550047,451.0838125506195,7.725298766121159,316.735984214532,2.0239775750418643,430.9824188053662,4.533664843174367,319.0892133060647,4.592131498636055,348.11087678766035,1.3066644086388637
vid295,424.3643526491806,7.001416085223901,147.62718053686842,5.586590364804318,437.2580021988578,1.173973332923533,366.4844671728461,4.161512618251352,328.09932902800193,9.282456025306319,0.28677660381516124,414.00360004725064,1.4144707461249721,493.0433881909647,4.606196277086563,129.46135561868368,1.162340652966833,451.27043207172494,8.766988497497568,192.3887386222091,5.375209506489903,136.08150364219654,6.768425177443701,239.36509131446155,2.728232688385818,96.9950978293987,4.524216052372818,68.07389111018549,1.6595515572444217,250.3997138502831,3.952447641781167,67.67743102258987,6.637966979199936,403.1099006533019,2.81017891095999,467.93082398080253,6.726310359496521,299.98679656714955,7.734737235073044
vid296,171.41771685061684,4.288982455863383,278.2711071419468,4.277363251849602,452.730447694592,8.273997278657763,194.63508830371077,5.761037960828118,57.47822678496459,5.266066034155881,0.6357965342609091,151.32753604551385,5.3724739548633,241.33964339056692,7.100789394091161,228.97776783409006,5.301758876156734,111.47557410758589,6.136993745447381,301.0385192009345,8.843541036078395,125.96812752699275,6.349526562181151,65.93014071416431,5.278635200487214,328.1175739521147,6.681326590273765,150.5964276862266,4.518548661900361,378.3626299179964,9.145522821370092,156.06353834907307,8.331596331306507,122.35727264476132,5.373825212833673,176.00670519251688,3.8921891234079853,479.1926305036944,8.290756997371998
vid297,220.38243792273488,6.484732295098138,273.6645632106813,8.445239492129305,291.78004738342736,9.85531043416727,347.69096700949046,1.1098149839687357,190.4065559203832,8.624419627895064,0.6716556431082272,299.39059468597964,8.709176310473008,413.2467580455744,5.132692950771931,217.85020463680814,9.367027301532767,326.40751631889503,1.73405861584768,427.73530365987267,9.848930756767396,192.23051610036342,4.169055569585983,480.76302131933704,4.389630024339653,257.63128892654163,6.5505250447033445,70.16164627288074,6.978815543182102,417.21971458875794,8.062364387241889,281.0908169882797,9.207476253047844,102.38928009969743,6.184936575525529,155.85674196042194,4.044088520479983,462.7684293134647,4.036485647698209
vid298,145.88487941579723,7.995306598098507,305.2733223380322,8.601089128709384,246.54254685643426,2.914680256103326,452.1150295885885,9.374299847071718,366.4727556423242,4.654448946535179,0.6801152933045203,490.6532325895968,4.8996327446806145,115.27041760804184,8.563882528037354,390.67533304999097,1.4478530285504447,373.03805659721615,2.2008493094522272,186.0841207663912,9.145306276130377,375.9513926941477,3.7438860431126804,413.3650340188271,1.288170447363155,271.07451439129545,1.524948800409241,346.3657078727803,8.113537435192272,449.42777216531607,9.019078567060914,213.67945991592904,4.193018317215998,411.26973319052354,5.617731448090869,218.24526295289795,7.032690774585713,230.70901246002438,2.4692584962943354
vid299,367.52040578540596,8.137573571729812,383.24359149494677,8.039529974951806,224.41637670531424,9.160539146221463,374.2235326582344,4.2618629636160525,475.3137236080451,1.0714084525082215,0.46494346524268015,232.15286825946785,7.1277725256480196,108.26183136416753,6.8574678372656885,199.81956129235007,8.447904919473157,207.87678113306842,7.685355092036274,154.31813545419,2.3345060658752046,228.13208762199673,5.449417496487327,66.0815114922228,5.407077982332172,396.1439774397487,2.8971517328171053,84.90061816297278,1.8306452680857346,187.94468145553117,6.106345215865354,155.5138982276665,2.1052223268318793,300.0383400659664,3.6912251091129247,113.57049347325861,4.8232272827731695,364.498722619848,9.022987533117835
vid300,328.54013943354073,2.546671297209933,380.89722641919644,8.36436807920862,347.0235071957754,8.416190239533147,89.1125481875997,4.559909846471742,383.78848009525393,5.217176240801644,0.1043991640257179,372.4905074043652,7.956035774205899,119.8499227365943,5.985172551500052,440.6839469599888,7.609022151377301,342.2177006465399,6.3421103018423155,295.1132271645856,8.745928123946392,114.65343811425316,6.677785247367183,336.30105951295866,6.513571294726568,268.03278206320374,9.726215171290644,400.40141455870264,4.218470438446898,133.98405310074054,3.2567586146337786,464.9423544457922,8.773329646768982,429.72412365003146,2.529101252717791,413.9676743982002,7.602960169364645,208.95849238549806,2.919232518277508
