id,caption,label,source
hate-speech-and-offensive-language-dataset_00000,!!! RT @mayasolovely: As a woman you shouldn't complain about cleaning up your house. &amp; as a man you should always take the trash out...,0,hate-speech-and-offensive-language-dataset
hate-speech-and-offensive-language-dataset_00001,!!!!! RT @mleew17: boy dats cold...tyga dwn bad for cuffin dat hoe in the 1st place!!,0,hate-speech-and-offensive-language-dataset
hate-speech-and-offensive-language-dataset_00002,!!!!!!! RT @UrKindOfBrand Dawg!!!! RT @80sbaby4life: You ever fuck a bitch and she start to cry? You be confused as shit,0,hate-speech-and-offensive-language-dataset
hate-speech-and-offensive-language-dataset_00003,!!!!!!!!! RT @C_G_Anderson: @viva_based she look like a tranny,0,hate-speech-and-offensive-language-dataset
hate-speech-and-offensive-language-dataset_00004,!!!!!!!!!!!!! RT @ShenikaRoberts: The shit you hear about me might be true or it might be faker than the bitch who told it to ya &#57361;,0,hate-speech-and-offensive-language-dataset
hate-speech-and-offensive-language-dataset_00005,"!!!!!!!!!!!!!!!!!!""@T_Madison_x: The shit just blows me..claim you so faithful and down for somebody but still fucking with hoes! &#128514;&#128514;&#128514;""",1,hate-speech-and-offensive-language-dataset
hate-speech-and-offensive-language-dataset_00006,"!!!!!!""@__BrighterDays: I can not just sit up and HATE on another bitch .. I got too much shit going on!""",0,hate-speech-and-offensive-language-dataset
hate-speech-and-offensive-language-dataset_00007,!!!!&#8220;@selfiequeenbri: cause I'm tired of you big bitches coming for us skinny girls!!&#8221;,0,hate-speech-and-offensive-language-dataset
hate-speech-and-offensive-language-dataset_00008,""" &amp; you might not get ya bitch back &amp; thats that """,0,hate-speech-and-offensive-language-dataset
hate-speech-and-offensive-language-dataset_00009,""" @rhythmixx_ :hobbies include: fighting Mariam""

bitch",1,hate-speech-and-offensive-language-dataset
hate-speech-and-offensive-language-dataset_00010,""" Keeks is a bitch she curves everyone "" lol I walked into a conversation like this. Smh",0,hate-speech-and-offensive-language-dataset
hate-speech-and-offensive-language-dataset_00011,""" Murda Gang bitch its Gang Land """,0,hate-speech-and-offensive-language-dataset
hate-speech-and-offensive-language-dataset_00012,""" So hoes that smoke are losers ? "" yea ... go on IG",0,hate-speech-and-offensive-language-dataset
hate-speech-and-offensive-language-dataset_00013,""" bad bitches is the only thing that i like """,0,hate-speech-and-offensive-language-dataset
hate-speech-and-offensive-language-dataset_00014,""" bitch get up off me """,1,hate-speech-and-offensive-language-dataset
hate-speech-and-offensive-language-dataset_00015,""" bitch nigga miss me with it """,0,hate-speech-and-offensive-language-dataset
hate-speech-and-offensive-language-dataset_00016,""" bitch plz whatever """,0,hate-speech-and-offensive-language-dataset
hate-speech-and-offensive-language-dataset_00017,""" bitch who do you love """,1,hate-speech-and-offensive-language-dataset
hate-speech-and-offensive-language-dataset_00018,""" bitches get cut off everyday B """,0,hate-speech-and-offensive-language-dataset
hate-speech-and-offensive-language-dataset_00019,""" black bottle &amp; a bad bitch """,0,hate-speech-and-offensive-language-dataset
hate-speech-and-offensive-language-dataset_00020,""" broke bitch cant tell me nothing """,0,hate-speech-and-offensive-language-dataset
hate-speech-and-offensive-language-dataset_00021,""" cancel that bitch like Nino """,0,hate-speech-and-offensive-language-dataset
hate-speech-and-offensive-language-dataset_00022,""" cant you see these hoes wont change """,0,hate-speech-and-offensive-language-dataset
hate-speech-and-offensive-language-dataset_00023,""" fuck no that bitch dont even suck dick "" &#128514;&#128514;&#128514; the Kermit videos bout to fuck IG up",0,hate-speech-and-offensive-language-dataset
hate-speech-and-offensive-language-dataset_00024,""" got ya bitch tip toeing on my hardwood floors "" &#128514; http://t.co/cOU2WQ5L4q",0,hate-speech-and-offensive-language-dataset
hate-speech-and-offensive-language-dataset_00025,""" her pussy lips like Heaven doors "" &#128524;",0,hate-speech-and-offensive-language-dataset
hate-speech-and-offensive-language-dataset_00026,""" hoe what its hitting for """,0,hate-speech-and-offensive-language-dataset
hate-speech-and-offensive-language-dataset_00027,""" i met that pussy on Ocean Dr . i gave that pussy a pill "" &#128524;",0,hate-speech-and-offensive-language-dataset
hate-speech-and-offensive-language-dataset_00028,""" i need a trippy bitch who fuck on Hennessy """,0,hate-speech-and-offensive-language-dataset
hate-speech-and-offensive-language-dataset_00029,""" i spend my money how i want bitch its my business """,0,hate-speech-and-offensive-language-dataset
hate-speech-and-offensive-language-dataset_00030,""" i txt my old bitch my new bitch pussy wetter """,0,hate-speech-and-offensive-language-dataset
hate-speech-and-offensive-language-dataset_00031,""" i'd say im back to the old me but my old bitches would get excited "" &#128524;",0,hate-speech-and-offensive-language-dataset
hate-speech-and-offensive-language-dataset_00032,""" if you aint bout that Murder Game pussy nigga shut up """,0,hate-speech-and-offensive-language-dataset
hate-speech-and-offensive-language-dataset_00033,""" if you're toes ain't done you pussy stinks """,0,hate-speech-and-offensive-language-dataset
hate-speech-and-offensive-language-dataset_00034,""" im done with bitter bitches its a wrap for that . if you a angry bird theres a app for that """,0,hate-speech-and-offensive-language-dataset
hate-speech-and-offensive-language-dataset_00035,""" is that ya bitch """,0,hate-speech-and-offensive-language-dataset
hate-speech-and-offensive-language-dataset_00036,""" it aint nothing to cut a bitch off """,0,hate-speech-and-offensive-language-dataset
hate-speech-and-offensive-language-dataset_00037,""" jus meet son now he ya mane ass bitches "" #Shots",0,hate-speech-and-offensive-language-dataset
hate-speech-and-offensive-language-dataset_00038,""" lames crying over hoes thats tears of a clown """,0,hate-speech-and-offensive-language-dataset
hate-speech-and-offensive-language-dataset_00039,""" like Snoop said in 94 we dont love these hoes """,0,hate-speech-and-offensive-language-dataset
hate-speech-and-offensive-language-dataset_00040,""" momma said no pussy cats inside my doghouse """,0,hate-speech-and-offensive-language-dataset
hate-speech-and-offensive-language-dataset_00041,""" most hated but the hoes favorite "" #2MW #SevenOne # http://t.co/BMdSVMc3rC",0,hate-speech-and-offensive-language-dataset
hate-speech-and-offensive-language-dataset_00042,""" nice girls bad, make me get naughty. Bad yello hoe, real nice body. Down south chick, like em real thick"" http://t.co/bzRDl3kF7U",0,hate-speech-and-offensive-language-dataset
hate-speech-and-offensive-language-dataset_00043,""" pimps up pimps up hoes down "" Future voice",0,hate-speech-and-offensive-language-dataset
hate-speech-and-offensive-language-dataset_00044,""" post a picture of that pussy get 200 likes """,0,hate-speech-and-offensive-language-dataset
hate-speech-and-offensive-language-dataset_00045,""" pussy is a powerful drug "" &#128517; #HappyHumpDay http://t.co/R8jsymiB5b",0,hate-speech-and-offensive-language-dataset
hate-speech-and-offensive-language-dataset_00046,""" quick piece of pussy call it a drive by """,0,hate-speech-and-offensive-language-dataset
hate-speech-and-offensive-language-dataset_00047,""" running round here like some brand new pussy thats bout to get fucked """,0,hate-speech-and-offensive-language-dataset
hate-speech-and-offensive-language-dataset_00048,""" these bitches even worst they'll send them guys for you """,0,hate-speech-and-offensive-language-dataset
hate-speech-and-offensive-language-dataset_00049,""" these hoes like niggas that spend money not talk bout it """,1,hate-speech-and-offensive-language-dataset
hate-speech-and-offensive-language-dataset_00050,""" we dont trust these niggas all these bitches """,1,hate-speech-and-offensive-language-dataset
hate-speech-and-offensive-language-dataset_00051,""" yall niggas b cuffing hoes cause yall aint never have bitches """,0,hate-speech-and-offensive-language-dataset
hate-speech-and-offensive-language-dataset_00052,""" you dodge a bullet "" &#128517; &#8220;@DaRealKha: ""All da bitches I cut off pregnant or bound to be ....thank God &#128591;""&#8221;",0,hate-speech-and-offensive-language-dataset
hate-speech-and-offensive-language-dataset_00053,""" young Pill Chamberlain these bitches love my music """,0,hate-speech-and-offensive-language-dataset
hate-speech-and-offensive-language-dataset_00054,"""&#128514;&#128514;&#128514;&#128514;&#128514;&#128514;&#128514;&#128514;&#128514;&#128514;&#128514;@VandalSavage_: Teanna Trump probably cleaner than most of these twitter hoes but.........""",0,hate-speech-and-offensive-language-dataset
hate-speech-and-offensive-language-dataset_00055,"""&#128514;&#128514;&#128514;&#128514;&#128514;&#128514;&#128514;&#128514;&#128514;&#128514;@DaHomieFuzz: Gay niggas couldn't wait to act like bitches tonight""",0,hate-speech-and-offensive-language-dataset
hate-speech-and-offensive-language-dataset_00056,"""&#128514;&#128514;&#128514;@The_Paradox: And ima steal his cat n replace it with a pitbull &#128514;&#128514;&#128514;&#128514; RT @80sbaby4life: @The_Paradox He a bitch you should do it""",0,hate-speech-and-offensive-language-dataset
hate-speech-and-offensive-language-dataset_00057,"""&amp; he's gone always be a hoe""",0,hate-speech-and-offensive-language-dataset
hate-speech-and-offensive-language-dataset_00058,"""...Son of a bitch took my Tic Tacs.""

I like this movie.",0,hate-speech-and-offensive-language-dataset
hate-speech-and-offensive-language-dataset_00059,"""..All I wanna do is get money and fuck model bitches!"" - Russell Simmons",0,hate-speech-and-offensive-language-dataset
hate-speech-and-offensive-language-dataset_00060,"""@2015seniorprobs: I probably wouldn&#8217;t mind school as much if we didn&#8217;t have to deal with bitch ass teachers"". Retweet",0,hate-speech-and-offensive-language-dataset
hate-speech-and-offensive-language-dataset_00061,"""@A7XDemery: I'm a fucking fag they said""",0,hate-speech-and-offensive-language-dataset
hate-speech-and-offensive-language-dataset_00062,"""@ARIZZLEINDACUT: Females think dating a pussy is cute now? http://t.co/VxBJg26Gsz"" how does doing this stuff make him a pussy?",0,hate-speech-and-offensive-language-dataset
hate-speech-and-offensive-language-dataset_00063,"""@Addicted2Guys: -SimplyAddictedToGuys http://t.co/1jL4hi8ZMF"" woof woof hot scally lad",0,hate-speech-and-offensive-language-dataset
hate-speech-and-offensive-language-dataset_00064,"""@AdoreBellaaa: Have ya ever asked your bitch for other bitches - kanye voice"" Yes",0,hate-speech-and-offensive-language-dataset
hate-speech-and-offensive-language-dataset_00065,"""@AdoreZoey: How u gone bring ur side bitch to a game where You know Ya gf friends at ?! &#128553;&#128553;&#128553;&#128553;"" I SWEAR!!!!!",0,hate-speech-and-offensive-language-dataset
hate-speech-and-offensive-language-dataset_00066,"""@AllAboutManFeet: http://t.co/3gzUpfuMev"" woof woof and hot soles",0,hate-speech-and-offensive-language-dataset
hate-speech-and-offensive-language-dataset_00067,"""@Allyhaaaaa: Lemmie eat a Oreo &amp; do these dishes."" One oreo? Lol",0,hate-speech-and-offensive-language-dataset
hate-speech-and-offensive-language-dataset_00068,"""@Almightywayne__: @JetsAndASwisher @Gook____ bitch fuck u http://t.co/pXmGA68NC1"" maybe you'll get better. Just http://t.co/TPreVwfq0S",0,hate-speech-and-offensive-language-dataset
hate-speech-and-offensive-language-dataset_00069,"""@Almightywayne__: Fuck Red Malone man bitch ass niggah"" could you please use complete sentences?",1,hate-speech-and-offensive-language-dataset
hate-speech-and-offensive-language-dataset_00070,"""@ArizonasFinest6: Why the eggplant emoji doe?""y he say she looked like scream lmao",0,hate-speech-and-offensive-language-dataset
hate-speech-and-offensive-language-dataset_00071,"""@AutoWorId: Hennessey Venom GT &#128584; http://t.co/i8eGMnKaJ9"" that's one sexy bitch",0,hate-speech-and-offensive-language-dataset
hate-speech-and-offensive-language-dataset_00072,"""@BOSSBYTCHH: Him seh me pussy wetter then a shower curtain....#ahmesehwetness""&lt;lmao!!",0,hate-speech-and-offensive-language-dataset
hate-speech-and-offensive-language-dataset_00073,"""@BRO_HEN314: #Eaglesnation and every #Eagles need to see that pic I just posted because that bitch just said the most racist shit""",0,hate-speech-and-offensive-language-dataset
hate-speech-and-offensive-language-dataset_00074,"""@BVSEDCHINK: Yo fuck skateboarding, all y'all some wood pushing faggots man, ball is life http://t.co/VBCzP6HMT7""
@AmJemieBenn",1,hate-speech-and-offensive-language-dataset
hate-speech-and-offensive-language-dataset_00075,"""@BabyAnimalPics: baby monkey bathtime http://t.co/7KPWAdLF0R""
Awwwwe! This is soooo ADORABLE!",0,hate-speech-and-offensive-language-dataset
hate-speech-and-offensive-language-dataset_00076,"""@BaylaaGottaBody: &#128514;&#128514;&#128514;&#128514; I ain't shit ."" Damn Skippy lol",0,hate-speech-and-offensive-language-dataset
hate-speech-and-offensive-language-dataset_00077,"""@BeEasyJrizzy: u ever kill a ant on the sidewalk and think damn what if that nigga was on his way to get some pussy""No bs must b &gt;30%chance",1,hate-speech-and-offensive-language-dataset
hate-speech-and-offensive-language-dataset_00078,"""@BeenBasedB: @_KudaBrazyy http://t.co/LuUBGL9Y5u"" 0 rings 0 mvps 0 bitches lol",0,hate-speech-and-offensive-language-dataset
hate-speech-and-offensive-language-dataset_00079,"""@BeenFLYnSolo: ppl talk bad about the ghetto/hood ... but as a kid growing up, a nigga had funnnnnnn !""",1,hate-speech-and-offensive-language-dataset
hate-speech-and-offensive-language-dataset_00080,"""@BestProAdvice: The facts on tattoos...tattoo http://t.co/ZwnbhpDZ8e"" he's a pussy with not tattooing them nipples",0,hate-speech-and-offensive-language-dataset
hate-speech-and-offensive-language-dataset_00081,"""@Bill215_: &#128175;&#128175;&#128175; RT @nel_ayden Bitches be wanting to act like niggas so bad &#128553;&#128553;&#128553; that shit aint cuteeeee"" but niggas act like bitches..",0,hate-speech-and-offensive-language-dataset
hate-speech-and-offensive-language-dataset_00082,"""@BitchJones92: Get worshiping bitch! http://t.co/R37CejCjou"" woof woof",0,hate-speech-and-offensive-language-dataset
hate-speech-and-offensive-language-dataset_00083,"""@BlackChiquitita: Wow. RT @thatmanpalmer I'm lost. Are those buttcheek piercings? http://t.co/yn6guyOUQ6"" yeah she's a hoe",1,hate-speech-and-offensive-language-dataset
hate-speech-and-offensive-language-dataset_00084,"""@BlackNerdJade: Ok, sis."" She'd rather be a broke bitch? *shrugs* she'll have to tell me how it works for her",0,hate-speech-and-offensive-language-dataset
hate-speech-and-offensive-language-dataset_00085,"""@Blackman38Tide: @WhaleLookyHere @HowdyDowdy11 queer"" gaywad",1,hate-speech-and-offensive-language-dataset
hate-speech-and-offensive-language-dataset_00086,"""@BrokenPiecesmsc: @ItsNotAdam faggot read my tweets after dat k"" it wasn't even funny lol",0,hate-speech-and-offensive-language-dataset
hate-speech-and-offensive-language-dataset_00087,"""@BrosConfessions: This bitch was so ungrateful http://t.co/06e77bGwbx"" fr ..... LULWHORE",0,hate-speech-and-offensive-language-dataset
hate-speech-and-offensive-language-dataset_00088,"""@CASHandBOOBIES: I been kidnapped yo bitch""",0,hate-speech-and-offensive-language-dataset
hate-speech-and-offensive-language-dataset_00089,"""@CB_Baby24: @white_thunduh alsarabsss"" hes a beaner smh you can tell hes a mexican",1,hate-speech-and-offensive-language-dataset
hate-speech-and-offensive-language-dataset_00090,"""@CCobey: @AydanMcCoy happy birthday nigs"" Thanks yo",1,hate-speech-and-offensive-language-dataset
hate-speech-and-offensive-language-dataset_00091,"""@CHlLDHOODRUINER: when ur teacher tells u that u have homework https://t.co/RKk5vawIj1"" this bitch need to go!!!",1,hate-speech-and-offensive-language-dataset
hate-speech-and-offensive-language-dataset_00092,"""@CaelanG15: ""@22EdHam: @CaelanG15 that nigga was eating that hoe lol"" Hell Yea lol john Paul"" nigga said john paul.. http://t.co/OSIpBKPr9h",1,hate-speech-and-offensive-language-dataset
hate-speech-and-offensive-language-dataset_00093,"""@CanIFuckOrNah: What would y'all lil ugly bald headed bitches do if they stop making make-up &amp; weave?""",0,hate-speech-and-offensive-language-dataset
hate-speech-and-offensive-language-dataset_00094,"""@CarelessOne92: Leafs better win this damn game so I can go riot and shit #EarlyChristmas"" you better start looting my nig",1,hate-speech-and-offensive-language-dataset
hate-speech-and-offensive-language-dataset_00095,"""@CauseWereGuys: Going back to school sucks more dick than the hoes who attend it.""",0,hate-speech-and-offensive-language-dataset
hate-speech-and-offensive-language-dataset_00096,"""@CauseWereGuys: On my way to fuck yo bitch http://t.co/j906T5zE2R"" me as a 9 year old",0,hate-speech-and-offensive-language-dataset
hate-speech-and-offensive-language-dataset_00097,"""@CeleyNichole: @white_thunduh how come you never bring me food"" i dont have a car retard",0,hate-speech-and-offensive-language-dataset
hate-speech-and-offensive-language-dataset_00098,"""@ChadMFVerbeck: If Richnow doesn't show up with hella tinder hoes Im not his friend anymore"" chill I brought like like 8 prople",0,hate-speech-and-offensive-language-dataset
hate-speech-and-offensive-language-dataset_00099,"""@ChandlerParsons: How bout them Cowboys!!!!"" Shutup pussy",1,hate-speech-and-offensive-language-dataset
jigsaw-toxic-comment-classification-challenge_00000,"Explanation
Why the edits made under my username Hardcore Metallica Fan were reverted? They weren't vandalisms, just closure on some GAs after I voted at New York Dolls FAC. And please don't remove the template from the talk page since I'm retired now.89.205.38.27",0,jigsaw-toxic-comment-classification-challenge
jigsaw-toxic-comment-classification-challenge_00001,"D'aww! He matches this background colour I'm seemingly stuck with. Thanks.  (talk) 21:51, January 11, 2016 (UTC)",0,jigsaw-toxic-comment-classification-challenge
jigsaw-toxic-comment-classification-challenge_00002,"Hey man, I'm really not trying to edit war. It's just that this guy is constantly removing relevant information and talking to me through edits instead of my talk page. He seems to care more about the formatting than the actual info.",0,jigsaw-toxic-comment-classification-challenge
jigsaw-toxic-comment-classification-challenge_00003,"""
More
I can't make any real suggestions on improvement - I wondered if the section statistics should be later on, or a subsection of """"types of accidents""""  -I think the references may need tidying so that they are all in the exact same format ie date format etc. I can do that later on, if no-one else does first - if you have any preferences for formatting style on references or want to do it yourself please let me know.

There appears to be a backlog on articles for review so I guess there may",0,jigsaw-toxic-comment-classification-challenge
jigsaw-toxic-comment-classification-challenge_00004,"You, sir, are my hero. Any chance you remember what page that's on?",0,jigsaw-toxic-comment-classification-challenge
jigsaw-toxic-comment-classification-challenge_00005,"""

Congratulations from me as well, use the tools well.  · talk """,0,jigsaw-toxic-comment-classification-challenge
jigsaw-toxic-comment-classification-challenge_00006,COCKSUCKER BEFORE YOU PISS AROUND ON MY WORK,1,jigsaw-toxic-comment-classification-challenge
jigsaw-toxic-comment-classification-challenge_00007,"Your vandalism to the Matt Shirvington article has been reverted.  Please don't do it again, or you will be banned.",0,jigsaw-toxic-comment-classification-challenge
jigsaw-toxic-comment-classification-challenge_00008,"Sorry if the word 'nonsense' was offensive to you. Anyway, I'm not intending to write anything in the article(wow they would jump on me for vandalism), I'm merely requesting that it be more encyclopedic so one can use it for school as a reference. I have been to the selective breeding page but it's almost a stub. It points to 'animal breeding' which is a short messy article that gives you no info. There must be someone around with expertise in eugenics? 93.161.107.169",0,jigsaw-toxic-comment-classification-challenge
jigsaw-toxic-comment-classification-challenge_00009,alignment on this subject and which are contrary to those of DuLithgow,0,jigsaw-toxic-comment-classification-challenge
jigsaw-toxic-comment-classification-challenge_00010,"""
Fair use rationale for Image:Wonju.jpg

Thanks for uploading Image:Wonju.jpg. I notice the image page specifies that the image is being used under fair use but there is no explanation or rationale as to why its use in Wikipedia articles constitutes fair use. In addition to the boilerplate fair use template, you must also write out on the image description page a specific explanation or rationale for why using this image in each article is consistent with fair use.

Please go to the image descr",0,jigsaw-toxic-comment-classification-challenge
jigsaw-toxic-comment-classification-challenge_00011,"bbq 

be a man and lets discuss it-maybe over the phone?",0,jigsaw-toxic-comment-classification-challenge
jigsaw-toxic-comment-classification-challenge_00012,"Hey... what is it..
@ | talk .
What is it... an exclusive group of some WP TALIBANS...who are good at destroying, self-appointed purist who GANG UP any one who asks them questions abt their ANTI-SOCIAL and DESTRUCTIVE (non)-contribution at WP?

Ask Sityush to clean up his behavior than issue me nonsensical warnings...",1,jigsaw-toxic-comment-classification-challenge
jigsaw-toxic-comment-classification-challenge_00013,"Before you start throwing accusations and warnings at me, lets review the edit itself-making ad hominem attacks isn't going to strengthen your argument, it will merely make it look like you are abusing your power as an admin. 
Now, the edit itself is relevant-this is probably the single most talked about event int he news as of late. His absence is notable, since he is the only living ex-president who did not attend. That's certainly more notable than his dedicating an aircracft carrier. 
I inte",0,jigsaw-toxic-comment-classification-challenge
jigsaw-toxic-comment-classification-challenge_00014,"Oh, and the girl above started her arguments with me. She stuck her nose where it doesn't belong. I believe the argument was between me and Yvesnimmo. But like I said, the situation was settled and I apologized. Thanks,",0,jigsaw-toxic-comment-classification-challenge
jigsaw-toxic-comment-classification-challenge_00015,"""

Juelz Santanas Age

In 2002, Juelz Santana was 18 years old, then came February 18th, which makes Juelz turn 19 making songs with The Diplomats. The third neff to be signed to Cam's label under Roc A Fella. In 2003, he was 20 years old coming out with his own singles """"Santana's Town"""" and """"Down"""". So yes, he is born in 1983. He really is, how could he be older then Lloyd Banks? And how could he be 22 when his birthday passed? The homie neff is 23 years old. 1983 - 2006 (Juelz death, god for",0,jigsaw-toxic-comment-classification-challenge
jigsaw-toxic-comment-classification-challenge_00016,"Bye! 

Don't look, come or think of comming back! Tosser.",1,jigsaw-toxic-comment-classification-challenge
jigsaw-toxic-comment-classification-challenge_00017,REDIRECT Talk:Voydan Pop Georgiev- Chernodrinski,0,jigsaw-toxic-comment-classification-challenge
jigsaw-toxic-comment-classification-challenge_00018,The Mitsurugi point made no sense - why not argue to include Hindi on Ryo Sakazaki's page to include more information?,0,jigsaw-toxic-comment-classification-challenge
jigsaw-toxic-comment-classification-challenge_00019,"Don't mean to bother you 

I see that you're writing something regarding removing anything posted here and if you do oh well but if not and you can acctually discuss this with me then even better.

I'd like to ask you to take a closer look at the Premature wrestling deaths catagory and the men listed in it, surely these men belong together in some catagory. Is there anything that you think we can do with the catagory besides delting it?",0,jigsaw-toxic-comment-classification-challenge
jigsaw-toxic-comment-classification-challenge_00020,"""

 Regarding your recent edits 

Once again, please read WP:FILMPLOT before editing any more film articles.  Your edits are simply not good, with entirely too many unnecessary details and very bad writing.  Please stop before you do further damage. -''''''The '45 """,0,jigsaw-toxic-comment-classification-challenge
jigsaw-toxic-comment-classification-challenge_00021,"""
Good to know. About me, yeah, I'm studying now.(Deepu) """,0,jigsaw-toxic-comment-classification-challenge
jigsaw-toxic-comment-classification-challenge_00022,"""

 Snowflakes are NOT always symmetrical! 

Under Geometry it is stated that """"A snowflake always has six symmetric arms."""" This assertion is simply not true! According to Kenneth Libbrecht, """"The rather unattractive irregular crystals are by far the most common variety."""" http://www.its.caltech.edu/~atomic/snowcrystals/myths/myths.htm#perfection Someone really need to take a look at his site and get FACTS off of it because I still see a decent number of falsities on this page. (forgive me Im n",0,jigsaw-toxic-comment-classification-challenge
jigsaw-toxic-comment-classification-challenge_00023,"""

 The Signpost: 24 September 2012 

 Read this Signpost in full
 Single-page
 Unsubscribe
   
""",0,jigsaw-toxic-comment-classification-challenge
jigsaw-toxic-comment-classification-challenge_00024,"""

Re-considering 1st paragraph edit?
I don't understand the reasons for 's recent edit of this article  not that I'm sure that the data are necessarily """"wrong.""""  Rather, I'm persuaded that the strategy of introducing academic honors in the first paragraph is an unhelpful approach to this specific subject.  I note that articles about other sitting Justices have been similarly """"enhanced;"""" and I also believe those changes are no improvement.  

In support of my view that this edit should be re",0,jigsaw-toxic-comment-classification-challenge
jigsaw-toxic-comment-classification-challenge_00025,"Radial symmetry 

Several now extinct lineages included in the Echinodermata were bilateral such as Homostelea, or even asymmetrical such as Cothurnocystis (Stylophora).

-",0,jigsaw-toxic-comment-classification-challenge
jigsaw-toxic-comment-classification-challenge_00026,"There's no need to apologize. A Wikipedia article is made for reconciling knowledge about a subject from different sources, and you've done history studies and not archaeology studies, I guess. I could scan the page, e-mail it to you, and then you could ask someone to translate the page.",0,jigsaw-toxic-comment-classification-challenge
jigsaw-toxic-comment-classification-challenge_00027,"Yes, because the mother of the child in the case against Michael Jackson was studied in here motives and reasonings and judged upon her character just as harshly as Wacko Jacko himself.  Don't tell me to ignore it and incriminate myself.  I am going to continue refuting the bullshit that Jayjg keeps throwing at me.   18:01, 16 Jun 2005 (UTC)",0,jigsaw-toxic-comment-classification-challenge
jigsaw-toxic-comment-classification-challenge_00028,"""
Ok. But it will take a bit of work but I can't quite picture it. Do you have an example I can base it on?  the Duck """,0,jigsaw-toxic-comment-classification-challenge
jigsaw-toxic-comment-classification-challenge_00029,"""== A barnstar for you! ==

  The Real Life Barnstar lets us be the stars
   """,0,jigsaw-toxic-comment-classification-challenge
jigsaw-toxic-comment-classification-challenge_00030,"How could I post before the block expires?  The funny thing is, you think I'm being uncivil!",0,jigsaw-toxic-comment-classification-challenge
jigsaw-toxic-comment-classification-challenge_00031,Not sure about a heading of 'Fight for Freedom' what will it contain?,0,jigsaw-toxic-comment-classification-challenge
jigsaw-toxic-comment-classification-challenge_00032,"Praise 

looked at this article about 6 months ago -much improved. ]",0,jigsaw-toxic-comment-classification-challenge
jigsaw-toxic-comment-classification-challenge_00033,"I was able to post the above list so quickly because I already had it in a text file in my hard drive  I've been meaning to get around to updating the sound list for some time now. 
As far as generating interest  I've spent four years trying to drum up more interest in freely licensed full length classical music. Unfortunately, my attempts failed - I'm still effectively the only one who does it. The classical music wikiproject was not interested, (Wikipedia_talk:WikiProject_Classical_music/Archi",0,jigsaw-toxic-comment-classification-challenge
jigsaw-toxic-comment-classification-challenge_00034,"""
Well, not """"before the process"""" but """"before how we do things with subpages"""" His RfA is listed on NoSeptember's page and you can find it if you look. September 2004 I think. I have my differences with El_C to be sure, but was surprised to see a block, so I left a note. ++: t/c """,0,jigsaw-toxic-comment-classification-challenge
jigsaw-toxic-comment-classification-challenge_00035,"""

Not at all, you are making a straw man argument here. I never claimed O'Donohue had that position, rather that practitioners and researchers in the field ignored the DSM position, which is exactly what the quote says and also something O'Donohue agrees with. 

Again, I was combating the notion that it was a """"absurd part"""" to claim that pedophilia is a sexual orientation. Since many researchers hold this position, it would be unfair to call it absurd. The disorder part is divided in the field",0,jigsaw-toxic-comment-classification-challenge
jigsaw-toxic-comment-classification-challenge_00036,"""

 """"Mainland Asia"""" includes """"the lower basin of China's Yangtze River"""" as well as """"Korea"""".  But being specific is fine too.  I just found a citation for a more comprehensive DNA study by Hammer below, rather than our generarizations and speculation so far. 

 Citation for """"Yayoi culture was brought to Japan by migrants from Korea, who in turn trace their roots to southeast Asia/south China."""" 

 2005 DNA study by Hammer
 Describes the Yayoi migration from Korea based on the O-SRY(465) ge",0,jigsaw-toxic-comment-classification-challenge
jigsaw-toxic-comment-classification-challenge_00037,"pretty much everyone from warren county/surrounding regions was born at glens falls hospital. myself included. however, i'm not sure this qualifies anyone as being a glens falls native. rachel ray is, i believe, actually from the town of lake luzerne.  —The preceding unsigned comment was added by 70.100.229.154  04:28:57, August 19, 2007 (UTC)",0,jigsaw-toxic-comment-classification-challenge
jigsaw-toxic-comment-classification-challenge_00038,"Hi Explicit, can you block O Fenian for edit-warring on the Giant's Causeway wp. He has made several edits which can only be described as terrorism.",0,jigsaw-toxic-comment-classification-challenge
jigsaw-toxic-comment-classification-challenge_00039,"Notability of Rurika Kasuga
A tag has been placed on Rurika Kasuga, requesting that it be speedily deleted from Wikipedia. This has been done because the article seems to be about a person, group of people, band, club, company, or web content, but it does not indicate how or why the subject is notable, that is, why an article about that subject should be included in Wikipedia. Under the criteria for speedy deletion, articles that do not assert notability may be deleted at any time. Please see th",0,jigsaw-toxic-comment-classification-challenge
jigsaw-toxic-comment-classification-challenge_00040,"""
 Sure, but the lead must briefly summarize Armenia's history. I simply added what I found necessary. If anyone thinks this or that sentence is redundant for the lead, they are welcome to remove make edits.  talk  """,0,jigsaw-toxic-comment-classification-challenge
jigsaw-toxic-comment-classification-challenge_00041,"TFD 

I think we just eced. I think we responded to each other without seeing each others responses. I added something in response to yours, but don't know if you saw mine. (T/C//WP:CHICAGO/WP:FOUR)",0,jigsaw-toxic-comment-classification-challenge
jigsaw-toxic-comment-classification-challenge_00042,"You are gay or antisemmitian? 

Archangel WHite Tiger

Meow! Greetingshhh!

Uh, there are two ways, why you do erased my comment about WW2, that holocaust was brutally slaying of Jews and not gays/Gypsys/Slavs/anyone...

1 - If you are anti-semitian, than shave your head bald and go to the skinhead meetings!

2 - If you doubt words of the Bible, that homosexuality is a deadly sin, make a pentagram tatoo on your forehead go to the satanistic masses with your gay pals!

3 - First and last warning,",1,jigsaw-toxic-comment-classification-challenge
jigsaw-toxic-comment-classification-challenge_00043,"FUCK YOUR FILTHY MOTHER IN THE ASS, DRY!",1,jigsaw-toxic-comment-classification-challenge
jigsaw-toxic-comment-classification-challenge_00044,"I'm Sorry 

I'm sorry I screwed around with someones talk page.  It was very bad to do.  I know how having the templates on their talk page helps you assert your dominance over them.  I know I should bow down to the almighty administrators.  But then again, I'm going to go play outside....with your mom.   76.122.79.82",1,jigsaw-toxic-comment-classification-challenge
jigsaw-toxic-comment-classification-challenge_00045,"I don't believe the Lisak criticism present there conforms with the NPV rule.  Lisak doesn't have a neutral point of view to begin with.  If an offer to polygraph or even concerned review of polygraph results shocks a complainant into thinking her lies have been uncovered, the recantation is still perfectly valid.  If you know you are telling the truth, you will argue with machine or investigator.  Also part of Kanin's research was a followup of the recanted story where possible to verify if any",0,jigsaw-toxic-comment-classification-challenge
jigsaw-toxic-comment-classification-challenge_00046,"You had a point, and it's now ammended with appropriate encyclopedic notability/significance.",0,jigsaw-toxic-comment-classification-challenge
jigsaw-toxic-comment-classification-challenge_00047,"In other words, you're too lazy to actually point anything out. Until you change that approach, the tag goes.",0,jigsaw-toxic-comment-classification-challenge
jigsaw-toxic-comment-classification-challenge_00048,"""
As for your claims of """"stalking"""", that is absolute rubbish and serves only to aggravate the situation. I have assumed good faith (and good intentions) on your part, and have never suggested (or seen reason to suggest) that you might have some ulterior motive in mass-adding links to one specific company's web page. Nor, for that matter, have I ever made any suggestion that this is an """"administrative"""" matter or even mentioned such a role. (Clearly, as a party to this disagreement, I would no",0,jigsaw-toxic-comment-classification-challenge
jigsaw-toxic-comment-classification-challenge_00049,"""::::Jmabel; in regards to predominant scholary consensus who is it that allegedly claims """"despite """"Third Way"""" rhetoric, fascism in power functioned rather consistently as a right-wing force""""? As far as I'm aware (owning numerous books on the subject) that is not the scholary consensus at all. The consensus, developed by respected scholars of fascism who write in a manner which is not bias to any interest group such as Roger Griffin, Hamish McDonald, Roger Eatwell and Zeev Sternhell all reco",0,jigsaw-toxic-comment-classification-challenge
jigsaw-toxic-comment-classification-challenge_00050,"""

BI, you said you wanted to talk

At the bottom of the lead section you have written:

""""Its promoter speculated in 1994 that the skyhook concept could be cost competitive with what is realistically thought to be achievable using a space elevator, but the skyhook is not competitive with other rotating tether concepts. In addition, the rotating skyhook is in fact deemed """"not engineeringly feasible using presently available materials"""".""""

Regarding:  In addition, the rotating skyhook is in fac",0,jigsaw-toxic-comment-classification-challenge
jigsaw-toxic-comment-classification-challenge_00051,GET FUCKED UP. GET FUCKEEED UP.  GOT A DRINK THAT YOU CANT PUT DOWN???/ GET FUCK UP GET FUCKED UP.  I'M FUCKED UP RIGHT NOW!,1,jigsaw-toxic-comment-classification-challenge
jigsaw-toxic-comment-classification-challenge_00052,Are you threatening me for disputing neutrality? I know in your country it's quite common to bully your way through a discussion and push outcomes you want. But this is not Russia.,0,jigsaw-toxic-comment-classification-challenge
jigsaw-toxic-comment-classification-challenge_00053,"Thanks! Undeletion was more than I'd hoped for. I'm researching the status of Texas government (including local government) copyright status, but it's slow going. Apparently works of the Florida government are usually public domain, but we don't have a similar article on Texas, so I guess I'll have to research the old-fashioned, non-lazy, actually reliable way. Or ask the copyright help desk, like you suggested. In the meantime, I'm using the fair use rationale, since it's valid while the image ",0,jigsaw-toxic-comment-classification-challenge
jigsaw-toxic-comment-classification-challenge_00054,Awesome! Then I'll simply disregard your notice. Thanks!,0,jigsaw-toxic-comment-classification-challenge
jigsaw-toxic-comment-classification-challenge_00055,Stupid peace of shit stop deleting my stuff asshole go die and fall in a hole go to hell!,1,jigsaw-toxic-comment-classification-challenge
jigsaw-toxic-comment-classification-challenge_00056,=Tony Sidaway is obviously a fistfuckee. He loves an arm up his ass.,1,jigsaw-toxic-comment-classification-challenge
jigsaw-toxic-comment-classification-challenge_00057,"""

 GA Review II 

I'm sorry to say this, but I have to fail this article's GAN. The several major problems that  brought up in this article's previous GA assessment have not been issued. As s/he has said before me, """"he article's WP:LEAD should be longer. The History, Media attention, Academics, Student Government, Demographics, Trivia, and Additional Information section are very deficient in citiations. Also, Triva and Additional information should be integrated into the rest of the article.""""",0,jigsaw-toxic-comment-classification-challenge
jigsaw-toxic-comment-classification-challenge_00058,"My Band Page's deletion. You thought I was gone. 

Deleting the comment I posted on your 'talk page' does not delete my feelings for your hasty decision to delete my page. You, sir, are still a cock-sucking douche fuck. Sit back for a second and think about what your life has become. ............ Done? That didn't take long did it? Nope. Because, as I am most certainly aware, your life is a shitstorm of sitting in front of the computer masturbating to fictional creatures. Your attempts to get ri",1,jigsaw-toxic-comment-classification-challenge
jigsaw-toxic-comment-classification-challenge_00059,"Why can't you believe how fat Artie is? Did you see him on his recent appearence on the Tonight Show with Jay Leno? He looks absolutely AWFUL! If I had to put money on it, I'd say that Artie Lange is a can't miss candidate for the 2007 Dead pool!   

  
Kindly keep your malicious fingers off of my above comment, . Everytime you remove it, I will repost it!!!",1,jigsaw-toxic-comment-classification-challenge
jigsaw-toxic-comment-classification-challenge_00060,"Locking this page would also violate WP:NEWBIES.  Whether you like it or not, conservatives are Wikipedians too.",0,jigsaw-toxic-comment-classification-challenge
jigsaw-toxic-comment-classification-challenge_00061,"A Bisexual, like a homosexual or a heterosexual, is not defined by sexual activity. (Much like a 15 year old boy who is attracted to a girl sexually but has never had sex is still straight). A person who is actually sexually attracted/aroused by the same sex as well as the opposite sex is bisexual.",0,jigsaw-toxic-comment-classification-challenge
jigsaw-toxic-comment-classification-challenge_00062,REDIRECT Talk:Frank Herbert Mason,0,jigsaw-toxic-comment-classification-challenge
jigsaw-toxic-comment-classification-challenge_00063,"""

""""Christian arabs""""
Hi. Could you please stop enforcing the category """"Christian arabs"""" on non arabic Christians living in the middle east? This is wrong. We middle-eastern Christians, though not arabs, have gone through Arabization, and that needs to stop. We are not arabs. We have our own ethnicity, and we shouldn't be forced to be called """"Christian arabs"""". If a Christian European is born in the middle east, should he be called a """"Christian arab"""" because of that reason alone? Please un",0,jigsaw-toxic-comment-classification-challenge
jigsaw-toxic-comment-classification-challenge_00064,"""

 DH 
Dude, ABC officially says THIS is the name for that episode. I do know there is already an episode with that name, but ABC says it's """"Everybody's Says Don't"""".   """,0,jigsaw-toxic-comment-classification-challenge
jigsaw-toxic-comment-classification-challenge_00065,"All of my edits are good.  Cunts like you who revert good edits because you're too stupid to understand how to write well , and then revert other edits just because you've decided to bear a playground grudge, are the problem.  Maybe one day you'll realise the damage you did to a noble project.  201.215.187.159",1,jigsaw-toxic-comment-classification-challenge
jigsaw-toxic-comment-classification-challenge_00066,"""
 - NeilN's bang on - You aren't being harassed at all, If you don't edit disruptively  you don't get reverted. –Talk """,0,jigsaw-toxic-comment-classification-challenge
jigsaw-toxic-comment-classification-challenge_00067,"I went there around the same time he did, and that certainly was not the case at the time. Later on they stopped taking children from such a young age.",0,jigsaw-toxic-comment-classification-challenge
jigsaw-toxic-comment-classification-challenge_00068,There must be some chemical imbalance in your brains. Are you ok? The gibberish you guys are writing really makes me feel sorry for you. Don't ever go to law school. You would do the legal profession bad.,0,jigsaw-toxic-comment-classification-challenge
jigsaw-toxic-comment-classification-challenge_00069,"""

Parzival418, you are trying to scare ThAtSo. How can you say that the comments of ThAtSo are """"insulting""""? ThAtSo is trying to suggest that there should be no original research in the Wikipedia. And, he is right. """,0,jigsaw-toxic-comment-classification-challenge
jigsaw-toxic-comment-classification-challenge_00070,"""

Oppose – As the article stands, it does not properly reference under the WP:REFERENCE guidelines. If this issue is resolved, I don't any issues with it being moved to the mainspace. 「」¤ • ¢  """,0,jigsaw-toxic-comment-classification-challenge
jigsaw-toxic-comment-classification-challenge_00071,"I would appreciate an apology from both of you but I can see that is unlikely.
If not Please don't waste my time any longer with attempts at trying justify either your or Plasma Physics transgressions toward me or bother me any longer about this issue and I SHALL LEAVE YOU ALONE and seek others here who deserve my considerate attention.",0,jigsaw-toxic-comment-classification-challenge
jigsaw-toxic-comment-classification-challenge_00072,"They are NOT original research, they are pointed in the episodes.",0,jigsaw-toxic-comment-classification-challenge
jigsaw-toxic-comment-classification-challenge_00073,"""
 Ambiguous ? 
So Mabuska Irish can mean more than one thing ? I will qoute you on that .Thanks .  — Preceding unsigned comment added by 109.77.58.139   
Of course it can. The word """"Irish"""" wasn't invented on the establishment of the Irish Free State. Talk 

Quote me all you want, it depends on the context of the term when its being used as to whether its applicable or not. Note how i said citizenship and ethnicity - i never mentioned nationality which is the real key meaning. The nationality ",0,jigsaw-toxic-comment-classification-challenge
jigsaw-toxic-comment-classification-challenge_00074,"""
While the magazine's masthead says """"TIME"""" the corporate name is Time Inc.  You can easily look this up.  On the other hand, ABN AMRO is always the corporate name.  You can look this up as well.   """,0,jigsaw-toxic-comment-classification-challenge
jigsaw-toxic-comment-classification-challenge_00075,Take your belated and piffling prevarications elsewhere. Too late for here.,0,jigsaw-toxic-comment-classification-challenge
jigsaw-toxic-comment-classification-challenge_00076,"That's what I'm looking through, it looks like he was just being an all around dick on talk pages though. It's nothing too bad though, looks more like an inability to express himself properly. Thank you for your concern also, Cheers!! -",0,jigsaw-toxic-comment-classification-challenge
jigsaw-toxic-comment-classification-challenge_00077,"In the same direction, is it really necessary to name all the US states who recognize it? Why not give just the number of states? This is not an American encyclopedia, but an universal one, I don't see why every single US states which recognize it should be named.  (ix)",0,jigsaw-toxic-comment-classification-challenge
jigsaw-toxic-comment-classification-challenge_00078,", 20 December 2006 (UTC)

You must not play Metal Gear Solid 2 that often. GW is the Arsenal Gear A.I. that went haywire after Solid Snake uploaded Emma's virus.  19:32",0,jigsaw-toxic-comment-classification-challenge
jigsaw-toxic-comment-classification-challenge_00079,"Hi! I am back again!
Last warning!
Stop undoing my edits or die!",1,jigsaw-toxic-comment-classification-challenge
jigsaw-toxic-comment-classification-challenge_00080,"""

Minimization of textile effluent

A proposed deletion template has been added to the article Minimization of textile effluent, suggesting that it be deleted according to the proposed deletion process. All contributions are appreciated, but this article may not satisfy Wikipedia's criteria for inclusion, and the deletion notice should explain why (see also """"What Wikipedia is not"""" and Wikipedia's deletion policy).  You may prevent the proposed deletion by removing the  notice, but please expl",0,jigsaw-toxic-comment-classification-challenge
jigsaw-toxic-comment-classification-challenge_00081,"""

Is it scientific to attribute an event A, to cause B, where cause B was deliberate designed, with some sort of intelligent intent? Don't answer the questions beyond that
Well, the problem with not answering beyond that is that your example is completely rigged. There are several major fundamental problems here.  

First, you completely fail to mention the fact that the intelligence behind ID is quite literally not of this earth. Natural science might look at a honeycomb, see it is built by be",0,jigsaw-toxic-comment-classification-challenge
jigsaw-toxic-comment-classification-challenge_00082,"Screwjob 

   Hey i noticed your comments on the Montreal Screwjob discussion page. I decided since nobody except someone with no account objected to what you said. I would atleast change the page a little to make it fair. I just wanted to tell you because I thought you would like to know. I only changed a few words at the top of the first paragraph and added something to the second one. If your not bothered thats fine but I thought since you were fighting for and nothing was even said, I might ",0,jigsaw-toxic-comment-classification-challenge
jigsaw-toxic-comment-classification-challenge_00083,"April 2006
Thank you for experimenting with the page Andy Griffith on Wikipedia. Your test worked, and has been reverted or removed. Please use the sandbox for any other tests you want to do. Take a look at the welcome page if you would like to learn more about contributing to our encyclopedia.",0,jigsaw-toxic-comment-classification-challenge
jigsaw-toxic-comment-classification-challenge_00084,"""

Christ. """"IQ is selected for therefore every population has the same IQ."""" Never ceases to amaze me.   

""",0,jigsaw-toxic-comment-classification-challenge
jigsaw-toxic-comment-classification-challenge_00085,Can you prove it isn't ? If you had a better knowledge of the English language it would have been obvious to you.,0,jigsaw-toxic-comment-classification-challenge
jigsaw-toxic-comment-classification-challenge_00086,"Would you both shut up, you don't run wikipedia, especially a stupid kid.",1,jigsaw-toxic-comment-classification-challenge
jigsaw-toxic-comment-classification-challenge_00087,"Oh, it's me vandalising?xD See here. Greetings,",0,jigsaw-toxic-comment-classification-challenge
jigsaw-toxic-comment-classification-challenge_00088,"Website 

Hey all,
I was thinking of getting myself a website to display my pictures and this was the cheapest thing I could find. I don't know about others, but Fir and Diliff, you guys have websites, do you think it is legit? Could you provide any better alternatives? Help from any other guild member is also appreciated. Thanks (talk)",0,jigsaw-toxic-comment-classification-challenge
jigsaw-toxic-comment-classification-challenge_00089,Thanks reading there now !,0,jigsaw-toxic-comment-classification-challenge
jigsaw-toxic-comment-classification-challenge_00090,"Personal attacks in Fruit Brute VfD 

My apologies if I'm being to critical, but I feel that many of the comments made in the Fruit Brute VfD debate were far from reasonable.  There had to be a more diplomatic way to disagree with 's assertion on the initial sentence than don't lie, it makes you look even more juvenile.... Learn to face up to when you've goofed, it will go a long way in your life  The attacks do to his age certainly border on a personal attack.  Were Bart133 forty, sixty, or eig",0,jigsaw-toxic-comment-classification-challenge
jigsaw-toxic-comment-classification-challenge_00091,"Transliteration of Russian place names
In writing about Moscow Metro for the Malayalam Wikipedia, we are finding it difficult to correctly transliterate the Russian place names. For example, do we pronounce Park Kultury as PAARK KALTTARI or PAARK KALCHCHARI (or perhaps something completely different)? Can somebody please help by transliterating the list given in https://ml.wikipedia.org/wiki/സംവാദം:മോസ്കോ_മെട്രോ. (I am not putting the list here as I don't want to clutter up this page.) Thanks",0,jigsaw-toxic-comment-classification-challenge
jigsaw-toxic-comment-classification-challenge_00092,"""
Almost got me too; I had to look it up to see if it was real. ...  talk """,0,jigsaw-toxic-comment-classification-challenge
jigsaw-toxic-comment-classification-challenge_00093,How can one defame someone who thinks the Fort Hood Shooting is justified by God's law?,0,jigsaw-toxic-comment-classification-challenge
jigsaw-toxic-comment-classification-challenge_00094,"LACK OF BALANCE

This article is seriously out of balance.  It would benefit greatly from the introduction of additional information about the negative aspects of the T-34.  Just for the record, this sort of balance problem is not uncommon when there is an over dependence on the works of a particular author.  For example, testing and evaluation of a T-34 by the US Army Ordnance Dept. exposed some very serious problems with the tank.  This type of information should be included in the article to ",0,jigsaw-toxic-comment-classification-challenge
jigsaw-toxic-comment-classification-challenge_00095,"""

Thanks. I can see that violating clearly stated Wikipedia policy is no problem with some people, as is now being reviewed elsewhere. Finishing up one other wiki project todsy and then spending the rest of the day on an important personal blog entry.  Then I'll go find other discussions of James Petras' fascinating discussion of the use of the term """"Jewish Lobby"""" so that I don't have to put back up the deleted Dissident Voice article right away per Talk:Jewish_lobby#WP:V_-_comparing_Jewish_V",0,jigsaw-toxic-comment-classification-challenge
jigsaw-toxic-comment-classification-challenge_00096,"""
Hi
Thanks for our kind words. See you around ) Talk """,0,jigsaw-toxic-comment-classification-challenge
jigsaw-toxic-comment-classification-challenge_00097,"Collusion in poker 

This is regarded as most heinous form of cheating in poker, perhaps some mention of this (or example) is warranted?",0,jigsaw-toxic-comment-classification-challenge
jigsaw-toxic-comment-classification-challenge_00098,"Thanks much - however, if it's been resolved, why is it that today, when I didn't write anything in edit summary, CAMERA put its ad in my edit summary box?1equalvoice1 (talk)",0,jigsaw-toxic-comment-classification-challenge
jigsaw-toxic-comment-classification-challenge_00099,"You can do all you're doing right now but if you get a username you'll be able to do more and have more impact is what I'm saying. And you seem to be very familiar with everything so you probably have a username? Just get one, it takes 10 seconds.  (talk•contribs)",0,jigsaw-toxic-comment-classification-challenge
suicide-watch_00000,"Ex Wife Threatening SuicideRecently I left my wife for good because she has cheated on me twice and lied to me so much that I have decided to refuse to go back to her. As of a few days ago, she began threatening suicide. I have tirelessly spent these paat few days talking her out of it and she keeps hesitating because she wants to believe I'll come back. I know a lot of people will threaten this in order to get their way, but what happens if she really does? What do I do and how am I supposed to",0,suicide-watch
suicide-watch_00001,Am I weird I don't get affected by compliments if it's coming from someone I know irl but I feel really good when internet strangers do it,0,suicide-watch
suicide-watch_00002,"Finally 2020 is almost over... So I can never hear ""2020 has been a bad year"" ever again. I swear to fucking God it's so annoying",0,suicide-watch
suicide-watch_00003,i need helpjust help me im crying so hard,0,suicide-watch
suicide-watch_00004,"I’m so lostHello, my name is Adam (16) and I’ve been struggling for years and I’m afraid. Through these past years thoughts of suicide, fear, anxiety I’m so close to my limit . I’ve been quiet for so long and I’m too scared to come out to my family about these feelings. About 3 years ago  losing my aunt triggered it all. Everyday feeling hopeless , lost, guilty, and remorseful over her and all the things I’ve done in my life,but thoughts like these with the little I’ve experienced in life? Only ",0,suicide-watch
suicide-watch_00005,"Honetly idkI dont know what im even doing here. I just feel like there is nothing and nowhere for me. All i can feel is either nothing or unbearably sad. Im ignoring friends every opitunity i can. I feel like im loosing my girlfriend. I only hurt everyone i talk too and i dont cause anything good. Im behind on my education, i feel alone but for the first time its not a feeling ive enjoyed. I have no hopes or dreams. I care about nothing, not family, not friends, not even my girlfriend (i still l",0,suicide-watch
suicide-watch_00006,"[Trigger warning] Excuse for self inflicted burns*I do know the crisis line and used it after when I was having a panic attack.
*I know it's not a healthy thing to do.

But, I did. I did something stupid out of impulse. I burned myself.  I REALLY need help with an excuse as the father of my daughter knows my history (we were together 12 years.) He's seen my at my worst - but! I had always only cut on my ankles and wrists, I'm thinking the excuse for this would be easier than one for cuts.


 I d",0,suicide-watch
suicide-watch_00007,"It ends tonight.I can’t do it anymore. 
I quit.",0,suicide-watch
suicide-watch_00008,"Everyone wants to be ""edgy"" and it's making me self conscious I feel like I don't stand out. I can draw yes and play the guitar but I honestly feel like am stuck in the past, my taste in music are all rock and alt metal from
2000's to the 90's and it doesn't really make me feel unique it's just my style but seeing as my friends and classmates getting more into rap and EDM it's hard for me to feel like I fit in.
The I don't feel like I stand out is because of all the others copying a style and if",0,suicide-watch
suicide-watch_00009,"My life is over at 20 years oldHello all. I am a 20 year old balding male. My hairline is trash and to make matters worse my head is HUGE. I have bipolar, depression and crippling social anxiety. Balding has been the cherry on top. I wear a hat 24/7 even in my room when I’m alone because I can’t stop thinking about it. I pop Xanax all day to try and numb the pain and it works for a little bit but it all comes crashing back twice as hard once I come down. I don’t know how to communicate with peop",0,suicide-watch
suicide-watch_00010,"I took the rest of my sleeping pills and my painkillersI can’t wait for it to end, I’ve struggled for the past 6 years and I’m finally ending it.",0,suicide-watch
suicide-watch_00011,"Can you imagine getting old? Me neither.Wrinkles, weight gain, hair loss, messed up teeth and bones, health issues, menopause, hormones, hating new generations &amp; the way world progress.

Being a useless angry piece of shit who can't take care of itself. Being totally depended on people who secretly wants you to die already.

Can you even imagine yourself there? Absolutely not. Even if I was happy, I'd take my life just to avoid this. ",0,suicide-watch
suicide-watch_00012,"Do you think getting hit by a train would be painful?Guns are hard to come by in my country but trains are not. I just don't want to suffer though, do you think this would be a painless method of suicide?",0,suicide-watch
suicide-watch_00013,"death, continuedI posted here before and saw something interesting.  I asked for information.  You know what I got back?  A bunch of people who wanted to do the same thing to me as they always do: spit back personal information about me.  This makes things worse, obviously, but at least a bunch of trolls are having laughs.

In the end, my desire to self-terminate grows stronger.  I have so little left now, but still have the same bitterness, just a bit stronger now.  The main goal throughout the",0,suicide-watch
suicide-watch_00014,Been arrested - feeling suicidalEdit,0,suicide-watch
suicide-watch_00015,Fuck the verizon smart family app I can’t even watch porn privately anymore wtf why is that a feature,0,suicide-watch
suicide-watch_00016,"I’m scared.   Everything just seems to be getting worse and worse. I’m young and I think I’m transgender but I’m not even sure about that. I can’t tell if I’m just lying to myself or if I’m actually trans, I feel so overwhelmed with thoughts and emotions and I can’t just take it anymore.
    I just wish I could at least know for sure if I was trans, and even then I have to worry about if my (religious) family will be accepting and if I can actually do anything to alleviate my pain a bit.
   I cu",0,suicide-watch
suicide-watch_00017,"Well, Im screwed. I locked myself in the school toilet, and can't get out. For now.

Edit: I'm out now, I lived to tell the story",0,suicide-watch
suicide-watch_00018,"I'm fucked assignment is due tomorrow and I haven't even started yet. 

:)",0,suicide-watch
suicide-watch_00019,"yeaputting a knife to my wrist didn't give me any hesitation like how it used to, i am free from that, free to finally die

i hate seeing people having fun, it's just so depressing for me.

my sister goes out every night with her friend, it's nice to see her get out of her depression but at the same time

it hurts really bad

i have nothing now, it makes me realize that haha",0,suicide-watch
suicide-watch_00020,"I am ending my life today, goodbye everyone.I am 36 almost 37, I am on disability for PTSD and Rheumatoid Arthritis. I am 400 lbs and sick of living. I am tired of being single and rejected and made to feel as if I was some kind of monster. I am tired of not having anyone to connect with, to connect too, to have a companionship with. I am tired of being alone and single in this world, all because of my weight. 

This loneliness has taken too much of me, it has swallowed me up from the inside out",0,suicide-watch
suicide-watch_00021,"Me: I know I have a really toxic house and I do my best to cope with with it by going to school, etc Rona: hahahaha, stay at home forcefully go brrrrrrrrr",0,suicide-watch
suicide-watch_00022,"Trapped inside a voidDear whoever cares enough to read this, though I doubt there are any that fall under that criteria.

I am trapped inside a void.  There is absolutely nothing for me.  I go through the monotonous tasks of every-day life with nothing to look forward to, no aspirations whatsoever.  The only saving grace I felt like I had, the only thing that made me feel like I was wanted, and accepted me for who I am, was Maren.  As absolutely idiotic as it sounds (and she’s assured me that it",0,suicide-watch
suicide-watch_00023,"Posting Galadriel’s opening monologue every day until I get a girlfriend Day 3 Galadriel: (speaking partly in Elvish)

(I amar prestar aen.)

The world is changed.

(Han matho ne nen.)

I feel it in the water.

(Han mathon ned cae.)

I feel it in the earth.

(A han noston ned gwilith.)

I smell it in the air.

Much that once was is lost, for none now live who remember it.

It began with the forging of the Great Rings. Three were given to the Elves, immortal, wisest and fairest of all beings. Sev",0,suicide-watch
suicide-watch_00024,"Do you sleep with Socks On,and how do you feel about sleeping with socks on? (I tried it for the first time with heavy long socks and it felt really nice when I woke up) Here are some benefits according to Healthline  
 

* **Prevent hot flashes:** Some women find wearing socks helpful for cooling their core body temperature.
* **Improve cracked heels:** Wearing cotton socks after you moisturize can help keep your heels from drying out.
* **Increase potential orgasms: According to the** [**BBC**",0,suicide-watch
suicide-watch_00025,"The graveyard of redditAnyone find it eery to think how many dead users this subreddit has?

Too often ill see a ""I'm killing myself tonight"" post from a active redditor only for them to never post again.",0,suicide-watch
suicide-watch_00026,"Guys I want friends That’s it , I’m alone and don’t talk to anyone dm me or anything, I’m just tired of only talking to my dad and sister, literally only my dad and sister , I like animated series but I’m flexible to anything the last series I watch was Santa Clarita’s diet and the last animated series I watch was the hollow and shera ( I was watching them at the same time ), and I have a very extended music repertoire I can draw you anything you ask ( or at least I’ll try ) you can text me at a",0,suicide-watch
suicide-watch_00027,"I think today may be my last.Everything's becoming too overwhelming and once it's late enough into the night I think it would be enough to go and finally end this miserable life of mine. I have a plan that works, if a certain friend doesn't call again. But I don't know if I'll be able to actually move.. I don't know what I want anymore but dying fixes everything, like this pain in my chest... And everything else.

Dying would fix everything, and I'd stop being such a nuisance and a past to the p",0,suicide-watch
suicide-watch_00028,I’m trashLol I normally cringe at the self loathing posts here but honestly I’m such trash. Like literally everything about me.  I just wish I could muster up the courage to just follow through. This is it and I’m okay with that that:  everyday here is worst than the last.  I appreciate this community for letting me know I’m not alone.,0,suicide-watch
suicide-watch_00029,"Nice songs &lt;3 Nice songs to vibe to-
Loverboy/a-wall
Come true/khai dreams
Weak when ur around/blackbear 
All I need/khai dreams
Carwash/striptease (slowed)
Please listen to them :)",0,suicide-watch
suicide-watch_00030,"What is the best way to do it?I’m not looking to be talked out of it. What would be the most effective, easiest way to go?",0,suicide-watch
suicide-watch_00031,"Man I hope someone finds thisI am drunk as fuck.  I found that I have hodgkins lymphoma. I don't want my fam to suffer through that shit.    So I'm taking my life tomorrow. You guys think If I point a knife to my heart and fall downwards I'll be done easy.  I hope so.  That's what I'm going to do . 

Man , I hope my girls moves on. She is so sweet. She loves falling to sleep in my arm . She is next to me. Hopes she thinks I am a coward.  Hope she hates me for what I did instead of feeling sad.  ",0,suicide-watch
suicide-watch_00032,Today's fact is Reddit awards are expensive emojis,0,suicide-watch
suicide-watch_00033,"I feel like I am drowningI used to go to school at a state university, then I had to drop out for financial issues. It's been a year since then and I haven't moved anywhere in my life. I have one job (15 hours a week, so I don't make enough money for essentials like food, soap, toothpaste, etc..) and I am trying to find another job but I can't find one. I feel like I'm going to be stuck in this hole forever and  part of me just wants everything to be over. I apply to 5-6 jobs a day and make sure",0,suicide-watch
suicide-watch_00034,"Is it worth it?Is all the trouble, work and anxiety really worth living for.",0,suicide-watch
suicide-watch_00035,"I triple nipple dock dare you To ask out your crush, or if you're taken tell them that you love them",0,suicide-watch
suicide-watch_00036,"I'm a lonely 22 year old guy and feeling like a loser with no future.I'm 22 and feel all alone and I am very insecure about myself. I'm a fat 6'3'' 260 pound guy with a really small 5.5 inch penis. I have no gf or any experience with girls cause I feel too ugly and I think they will laugh at my size. I only have one real friend and barely any family left that still cares about me.

On top of all that I have no college educaton or any idea what kind of career to pursue. That leaves me working a s",0,suicide-watch
suicide-watch_00037,"I hurt another person because I am too ungrateful that I am alive.I feel so messed up. 
I was venting to someone on chat, and I told him what I am planning to do. Killing myself sometime this week. 
He told me he has lung cancer, only 5% chances to live, and he wants to live. He called me ungrateful fucking shit because I want to kill myself only because I don't feel happy with anything anymore, how he wants my life. I hurt him so badly. I apologized like 100 times. I know I can't just apologize",0,suicide-watch
suicide-watch_00038,"revenge suicideDoes the thought ever cross your mind? Do you ever alone, isolated, uncared for? Do you feel like youve reached out over, and over, and over, and yet no one hears you or takes you seriously? Do you ever feel like everyone in your life has given up on you?

I feel like jumping off this roof right now is the only way anyone will ever notice, or care, about how much pain I feel. No onewill care until Im dead, and then people will finally hear me. they'll understand I was serious. the",0,suicide-watch
suicide-watch_00039,"Hey, im gonna sleep with socks Whatcha gonna do? Put them off?! Good luck ima gonna sleep with warm feet",0,suicide-watch
suicide-watch_00040,"I learnt a new skill today! I learnt how to change a light bulb, only thing that happened was I cocked up the first time and it went out after 5 minutes, so I tightened it a bit and it now works. My room had been lightless for quite a long time and I finally have a bulb in the light.",0,suicide-watch
suicide-watch_00041,"I have nothing to live for.My life is so bleak.

I don’t have any genuine friends, I feel like a stranger in my own family and I’ve scared off the only person I truly cared about. I have no future or goals to look forward to. My life is falling apart and I’m just letting it happen because I’m so, so exhausted.

I just don’t know if I want to be alive anymore.",0,suicide-watch
suicide-watch_00042,"I thought I had got past these thoughts....This might sound weird but my Dad passed away quite suddenly two months ago. I did get to talk to him before he died but it still hurts. I had been quite suicidal prior to my dad's passing but for a month after those thoughts hardly entered my mind. But now they seem to be the only thing that occupies my mind. I been trying to deal with my depression with therapy and meds but I don't think they are really working. 

This all came to the forefront since ",0,suicide-watch
suicide-watch_00043,"Why does no one use the email function of reddit It's kinda sad, so underappreciated, edit- have y'all never used the email function, how uncultured",0,suicide-watch
suicide-watch_00044,"Closing the book on my lifeI have tried everything. No one knows what to say because really, what is there to say. All people can say is “it gets better,” or try and guilt trip me. I get it. There’s only so much one can say and do in these situations. It’s not up to other people to help me. People don’t understand how deep this goes. I guess I can’t blame them. But I deserve to feel this way. I’m scared but I think I’ve made up my mind on what needs to be done. 

I don’t think I’m going to post ",0,suicide-watch
suicide-watch_00045,math class always makes me so horny i always just zone out and think about what i’d do to my partner if i had one like damn i’d spoil them so much and like ooh damn it’d be so hot i gotta get bonked sorry guys,0,suicide-watch
suicide-watch_00046,"I've become so accustomed to the fact that I'm going to kill myself that other people's struggles with suicide don't register to me muchBecause I think about it so much I just see them as another person like me. It also makes me feel like everyone is like me, so if I went to kill myself and people were around nobody would care.",0,suicide-watch
suicide-watch_00047,"My school sucks. I try to prevent generating waste, but it seems impossible when even when I BRING MY OWN REUSABLE MASK, MY SCHOOL GIVES ME 2 MANDATORY DISPOSABLE MASKS. I can't give them away, I can't do anything with them, and 2 OF MY SIBLINGS ARE GOING TO SCHOOL AS WELL. DOING BASIC MATH SAYS I GET 30 DISPOSABLE MASKS A WEEK. I hate this.",0,suicide-watch
suicide-watch_00048,"After- in the UKIf I die, is my brother financially responsible for my council flat? Like, if I die will it cost him money? Or will the council clean it out? Will the council dispose of my body, or will he be stuck having to pay for it? ",0,suicide-watch
suicide-watch_00049,I’m wondering how some of you guys are going to celebrate Valentines Day. I I m going to celebrate it with my Lucina and Corrin plushies.,0,suicide-watch
suicide-watch_00050,"7 YearsGuys, I've been here before, a few years ago. You were all more or less supportive the last time (more or less) so here's a belated thank you for the kindness.

I've been dealing with an unbelievable degree of stress for a long time now. From repeated experience I'm way better off not hoping for anything whatsoever. For this reason, I've decided not to go into any details on this post. Instead I'm going to put [a link here](http://llawht4.blogspot.com/2012/09/with-every-breath.html) which",0,suicide-watch
suicide-watch_00051,I cant stop feeling like my therapist didn’t believe I actually had any problemsI feel like he thought I was a fake he didn’t even do the full 6 trial sessions with me I feel so disconnected and fucked I am meant to find a longterm therapist but I ant do it I just can’t I have nothing to expel my fucked up thoughts I want to die I am going to clear my overdraft by the end of the year then buy a mask and nitrogen and fucking end it I’ve gone my entire life with no one believing I’m fucking depres,0,suicide-watch
suicide-watch_00052,Put opinions here Just say any controversial opinions you have that you want to share. And don’t make fun of others’ opinions. If you don’t agree just ignore.,0,suicide-watch
suicide-watch_00053,I Accidently Cut My Dick With Scissors HELP,0,suicide-watch
suicide-watch_00054,"Since my aunt's suicide 3 weeks before Christmas, I drink, take painkillers or both. I can't stop thinking I'll kill myself too.I see so much of myself in her it hurts. She wasn't even twice my age. She hung herself with a doglead. Broke a hundred hearts. I'm absolutely not afraid of death. Only the out coming for the people who love me. I come from a family of functioning alcoholics but I can't stop drinking. I drink a lot on my own. I self harmed after a rape I never told anyone about. I've no",0,suicide-watch
suicide-watch_00055,I'm so excited for tomorrow I'm going to my momals house and after I get some school work done I'm going to try to play enter the Gungeon with my friend and I can't wait see his reaction to this bullet hell,0,suicide-watch
suicide-watch_00056,What you guys gaming? Any good games your playing?,0,suicide-watch
suicide-watch_00057,"I need to know a good pistolI’m shopping online for pistols right now. Tonight’s been rough. 

I have no clue about guns whatsoever but I’ve been depressed for years now and I’m growing weary. 

So basically I’m hoping someone can point me in the right direction of a good pistol that can end me without just maiming me.

I have no idea. Money is no object at this point.

Any help is appreciated!

Brian",0,suicide-watch
suicide-watch_00058,OwThe past is unforgiving,0,suicide-watch
suicide-watch_00059,"ive been suicidal for so longi dont think im truly “depressed”, but suicidal. idk if that even makes sense but im drunk rn. failing community college, i have good friends but i dont want to burden them with this info. i dont know what im looking for in life but i hate myself. im intelligent but ive never applied myself. i have trichotillomania and hardcore BFRBs. i want to talk to someone i guess, though i dont. i dont know, ive become apathetic and i think about suicide every day. suicide = no ",0,suicide-watch
suicide-watch_00060,"Do you do this? On YouTube when you look at comments, do you randomly click on an account and subscribe to them if they have any videos?",0,suicide-watch
suicide-watch_00061,"breakup? family guilt?the person who i thought was absolutely perfect for me just broke up with me yesterday. it came absolutely out of the blue, and they said it for reasons that i didn't know were problems/reasons they've never brought up before. i know the advice is generally ""get back out there! plenty of fish in the sea"", but i'm so fucking ugly and antisocial that i felt like this was really my one chance at being in a happy relationship. i became pretty codependent for the time that we we",0,suicide-watch
suicide-watch_00062,"I don't know where to goI've been homeless for Going on 2 nights in seattle. I don't know where to go, I have no friends or family here. I'm stranded, walking in the city and looking at all the people. I just wanna be gone. I am lost here and I just want the pain to end. I know I am not being smart about this, but I don't know where to go anymore. I feel so lost physically and mentally. I feel detached from everyone... I feel like this is my last day on this planet. Time just goes so slow when y",0,suicide-watch
suicide-watch_00063,"XD THIS IS SO RELATABLE!!!!!!1!!!!! XD my mom had to get a rape whistle, pepper spray, and a pocket knife all because someone was following her in a truck while she was running a few days ago causing her to go into a random persons house and retend like it was hers, and after about an hour of the truck in front the house it left making her free. I am genuinly afraid for my family and especially my mom. i just hope you guys can send blessing to her and my family.",0,suicide-watch
suicide-watch_00064,"BLM are anarchists! They don’t listen to the full story, blame police for doing there job! Load of shit!!!",0,suicide-watch
suicide-watch_00065,"So after being single for 16 years, I finally found one. She’s perfect. She’s charming. She’s the best I could find. She’s also super adorable.

Kylie, I know you’re gonna see this so I want you to know that I love you.

 u/iamatexan124",0,suicide-watch
suicide-watch_00066,Not having a crush during quarantine. So I’ve never had a girlfriend. Last year was the first year I actually tried to make an attempt to date but all of those fucked up and I’m in quarantine now. And right now I’m feeling like shit because I don’t have a crush. That may sound pathetic but even though it was quarantine and it’s not a good idea to start a relationship during quarantine and probably wouldn’t but it was still nice to have someone to think about. A lot of nights I just feel hollow. ,0,suicide-watch
suicide-watch_00067,"Where's the love?I live in this world and it's not like your imaginings. The books you read have little relevance.

People like to get by and they do so relatively quickly and without response,  as do you. And so it goes on. 

So why not die, why imagine that this world is somehow more special than it actually is.

I've been alone for so long and for little reason. I don't approach anyone, thay is my fault, but ly god are people in general boring spews of nothiny, and if not then they are hipste",0,suicide-watch
suicide-watch_00068,Exams are coming My exams  are coming. Those are very important. You can say Nationwide competition of grades. Well I Just started studying (again) and only  2 months are left. It's not a rant post or any complaint. I just wanted to tell someone I am really scared now.,0,suicide-watch
suicide-watch_00069,"ok i feel bad about this and i want to get it off my chest i ordered donuts from deliveroo on the website but couldnt figure out how to tip the delivery rider throught the website, so i thought that i would just tip in cash. i was doing some stuff then i hear a knock followed by 'ok thank you' and a engine noise. my fucking brother went to get the food, didnt know about the tip thing and didnt even bother to tell me 'you your food is here' and i feel bad that the deliveroo driver didnt get the t",0,suicide-watch
suicide-watch_00070,"SuicideI didn’t plan on overdosing again, as in I figured I would kill myself in a different manner, but with the world as it is, overdosing is looking good. I have the pills ready. I’ve had ‘extra’ medication for months now. I have two months of everything I take. I have enough. Now, I must follow through.
Goodbye to everyone!",0,suicide-watch
suicide-watch_00071,"Anyone planning suicide in the long-term future?I'm a depressed 22F who is considering suicide, but not soon, but within maybe 4-5 years.
Why do I want to kill myself?
It's kind of a long story. But the main reasons are a combination: (Lack of) Economic Stability, Health Problems, Family
along with a lack of purpose or inherent value of life.

**Economic**:

Growing up was hard and I've had to overcome a lot of adversity (lower-income household, mother dying at
a young age, being a queer person ",0,suicide-watch
suicide-watch_00072,"What the fuck?? I finally had the confidence to go meet someone in real life again, I was really excited to see my only real life friend and we would just walk around in the city and shop a bit. A few days ago my mum forced me to go on an activity I absolutely hate, my parents always force me to du stuff I really don't wanna do. Well it turns out on that free time activity I went to, which I absolutely hated, I talked to no one and just stayed away from everybody. Someone MAYBE has covid so now ",0,suicide-watch
suicide-watch_00073,"Screenwriting Course Scripts and Characters that commit suicide (and other parts of dealing with depression)I've been a little low lately, so this matters to me. I'm long past the days where every moment feels like breathing underwater, so it only hurts a little.

I wrote the outline for my script a year and a half ago, when I was in the worst throws of my depression and was nearly hospitalized. And now, as I am in the class that comes after that basic course, I have to finish the script. I like",0,suicide-watch
suicide-watch_00074,The reviews on the dildo said weak suction cup Yet I can lift my whole desk with it,0,suicide-watch
suicide-watch_00075,"Can someone talk to me?I've been staring at this blank post for 10 minutes, I don't know what to say? I can't stop crying. What do I... say I don't know I don't even want to be happy if that's too much to ask I just want to be able to get through one day,
I don't even know why I'm posting here. I'm afraid if I talk to a friend they're going to sigh over how I'm, pathetic or... I
I'm sorry
",0,suicide-watch
suicide-watch_00076,"What's the point of living for a 19 year old male who's 5""6?It hinders everything in my life and I'm so close tob putting a stop t it",0,suicide-watch
suicide-watch_00077,"Brain so damaged from drugs i don't feel human anymoreThat's pretty much all of i can say, my brain is full of shit and it is so fucking loud i can never have peace. 

- I written wall of text here but then i deleted it... ",0,suicide-watch
suicide-watch_00078,"I feel so hopelessHello, I guess this is my attempt at a lifeline or something.

Okay, so I guess the best way to begin this is to just tell you straight up that I’m gay. This wouldn’t be an issue if I didn’t have strictly conservative parents, I know a lot of people have it worse off than me, but I feel like most of my problems stem from this.

I haven’t been diagnosed as anything really, but I don’t really care because it doesn’t take a fucking expert’s opinion to tell you there is something g",0,suicide-watch
suicide-watch_00079,"Just want people to know what’s happening in my life since I can’t really tell someone irl without them freaking out or something.I really don’t want to, but stuff is going to happen soon resulting in me loosing my family, school, and my long term girlfriend. I’m really scared, im a coward, and honestly would rather be dead than try fix this mess. Mess is putting it lightly though. If my life was a large puzzle, it’d be like just throwing the entire thing in a fire of shame. I’m thinking about j",0,suicide-watch
suicide-watch_00080,Day 41 Of Posting Until I Get A Girlfriend Why do exams exist ahhhhhhhhhhhh,0,suicide-watch
suicide-watch_00081,"Don't know how much longer I can carry on.I've been stuck in this slump for the past week or so where I don't feel motivated to do anything. Constantly frowning and pissed off at everything, experiencing multiple, very frequent instances of ""l'appel du vide"" (the call of the void), and just filled with this horrid sense of dread and unease at everything. I wake up, every morning, cursing myself for not dying in my sleep the night before. I just want it all to stop.",0,suicide-watch
suicide-watch_00082,"I’m just happy I got most of my money back I still lost close to $200, but hey.  
  
Here’s hoping the next seller I find doesn’t turn out to be a con artist",0,suicide-watch
suicide-watch_00083,"No matter how many times “it gets better”, I just end up at the bottom of the same hole and I’m ready to lie in it.I’m 26 now, have tried to kill myself twice before which led to my 12 year on and off again journey through therapy and mental health treatment. It’s gotten better, but I always fall into the ditch and wonder if I should just fucking do it already and do it right this time. The thought of my mom having to live the rest of her life with me dead, mourning me and my choices, is the onl",0,suicide-watch
suicide-watch_00084,"My Uncle who migrated to the US now thinks the coronavirus is fake. What the fuck have you done, America?",0,suicide-watch
suicide-watch_00085,"Where is suicidenote.infoHi the website suicidenote.info is down, and I can't aceess the pdf file of the book. does anyone have a copy of it?",0,suicide-watch
suicide-watch_00086,"I don't want anyone to find my bodyI just can't do it, because someone has to see it to confirm the death.  :(",0,suicide-watch
suicide-watch_00087,"Best resource for mental health help for somebody without a lot of money?I've been dealing with the death of my father for about a year and it comes and goes with how well I can actually deal with it.  The past few months have been especially hard for some reason.  I have very little money left, no immediate family, one friend I see once a week, and a fiancee who I love but who is also under a great deal of mental and emotional stress (and being around me doesn't make it any better).  I have tal",0,suicide-watch
suicide-watch_00088,"I think I need to check myself into a hospital. I need your guys' advice.4 weeks ago I got diagnosed with a major depressive disorder. It wasn't really news, I've known I've been depressed for years (approaching 3 1/2 years now). I got prescribed Zoloft, and I'm up to 75mg now. I've also been attending therapy sessions with a psychologist for about 6 weeks now. Its not working though. If anything over the last few months its just been getting worse and worse, and it feels like it's not even gett",0,suicide-watch
suicide-watch_00089,"I want to do it but even finding a way to do this is difficult. This is the plan that I've come up with so far.Will it work? I don't want to stay alive but be disabled. I want this to work. Where I live, it's very hard for me to find a way to end my life without causing me too much pain.

Here's what I want to do:

I'll leave the kerosene heater on in the bathroom and keep the doors and windows closed to allow harmful gases to build up. I'll overdose on short acting and long acting insulin, and ",0,suicide-watch
suicide-watch_00090,I can't go on anymore.I've recently had suffered a psychotic episode (first and only one yet) and I have hurt the person I cared about the most. Life has lost it's meaning and I don't see any way things could get better. I have no future and can't shake the feeling that it was simply taken from me (probably projecting or putting the blame on other because I'm a fucking coward and can't take responsibility for my actions). I probably deserved it 'cause I'm a shit human and I can't change. Too muc,0,suicide-watch
suicide-watch_00091,How much time do people spend feeling aloneI have been feeling very alone for the last year or so and a lot of the answers or resolutions tend to lead towards ending my life. I just am curious as to how much time “normal” people think about this stuff,0,suicide-watch
suicide-watch_00092,"star wars question do most star wars fans consider the sequels to be mnon canon?

last one i promise",0,suicide-watch
suicide-watch_00093,"I so badly want to talk about it, but whenever anyone offers to talk, I don't know what to say.I've never been able to talk deeply to anyone about my depression and thoughts of suicide, not even my therapists.",0,suicide-watch
suicide-watch_00094,"Shopping IS AWFUL Finally was allowed to go out to London, a place other than trees and forests (I’ve only been on picnics for 5 months)

And I have to say... shopping is terrible.. before you walk in, there’s these large bouncer looking type men at every entrance staring at you while you walk in, and it makes it uncomfortable from the beginning.

Then the shop employees follow you around and keep and eye on you (also very uncomfortable), you can’t actually touch any beauty products, like perfum",0,suicide-watch
suicide-watch_00095,day 3 of posting something i get mildly infuriated about.... lag/phone not working i got full fucking bars verizon stop that shit,0,suicide-watch
suicide-watch_00096,"A lot of stuff to handle at once for me 
Sorry if this is long but I hope you enjoy it 


So I met this girl during the COVID-19 pandemic but she’s from the same school as I am so we just knew each other looks and we are in the same school so I slide into her dms as a friend trying to make more friends but I really had a big crush on her so we talk and talk maybe we have been talking for couple of months now so couple of days ago I was playing with my friends then she sent me a message and said ",0,suicide-watch
suicide-watch_00097,"I'm going to wait for a version of senorita In which they sing ""margarita"" instead of senorita so it goes, I love it when u call me margarita,why? idk.",0,suicide-watch
suicide-watch_00098,"You know I just realized you cant have an opinion in english class, especially if your teacher is a woman Like they get so mad even though they asked for your opinion",0,suicide-watch
suicide-watch_00099,"2929


That’s the oldest I’ve ever been. It’s the oldest I’m ever meant to be.


I don’t remember when I had the first dream. It probably happened when I was so young that I wouldn’t even be able to remember. They are always fragmented and real… Real in the way that when it ends, your eyes open and you’re lying in bed wondering.


“Did I just wake up… or just fall asleep.”


The fragments don’t seem to follow a timeline; just clips like a hazy recollection of a night out. Remembering moments out",0,suicide-watch
twitter-sentiment-analysis-hatred-speech_00000, @user when a father is dysfunctional and is so selfish he drags his kids into his dysfunction.   #run,0,twitter-sentiment-analysis-hatred-speech
twitter-sentiment-analysis-hatred-speech_00001,@user @user thanks for #lyft credit i can't use cause they don't offer wheelchair vans in pdx.    #disapointed #getthanked,0,twitter-sentiment-analysis-hatred-speech
twitter-sentiment-analysis-hatred-speech_00002,  bihday your majesty,0,twitter-sentiment-analysis-hatred-speech
twitter-sentiment-analysis-hatred-speech_00003,#model   i love u take with u all the time in urð±!!! ððððð¦ð¦ð¦  ,0,twitter-sentiment-analysis-hatred-speech
twitter-sentiment-analysis-hatred-speech_00004, factsguide: society now    #motivation,0,twitter-sentiment-analysis-hatred-speech
twitter-sentiment-analysis-hatred-speech_00005,[2/2] huge fan fare and big talking before they leave. chaos and pay disputes when they get there. #allshowandnogo  ,0,twitter-sentiment-analysis-hatred-speech
twitter-sentiment-analysis-hatred-speech_00006, @user camping tomorrow @user @user @user @user @user @user @user dannyâ¦,0,twitter-sentiment-analysis-hatred-speech
twitter-sentiment-analysis-hatred-speech_00007,the next school year is the year for exams.ð¯ can't think about that ð­ #school #exams   #hate #imagine #actorslife #revolutionschool #girl,0,twitter-sentiment-analysis-hatred-speech
twitter-sentiment-analysis-hatred-speech_00008,we won!!! love the land!!! #allin #cavs #champions #cleveland #clevelandcavaliers  â¦ ,0,twitter-sentiment-analysis-hatred-speech
twitter-sentiment-analysis-hatred-speech_00009, @user @user welcome here !  i'm   it's so #gr8 ! ,0,twitter-sentiment-analysis-hatred-speech
twitter-sentiment-analysis-hatred-speech_00010, â #ireland consumer price index (mom) climbed from previous 0.2% to 0.5% in may   #blog #silver #gold #forex,0,twitter-sentiment-analysis-hatred-speech
twitter-sentiment-analysis-hatred-speech_00011,we are so selfish. #orlando #standwithorlando #pulseshooting #orlandoshooting #biggerproblems #selfish #heabreaking   #values #love #,0,twitter-sentiment-analysis-hatred-speech
twitter-sentiment-analysis-hatred-speech_00012,i get to see my daddy today!!   #80days #gettingfed,0,twitter-sentiment-analysis-hatred-speech
twitter-sentiment-analysis-hatred-speech_00013,@user #cnn calls #michigan middle school 'build the wall' chant '' #tcot  ,1,twitter-sentiment-analysis-hatred-speech
twitter-sentiment-analysis-hatred-speech_00014,no comment!  in #australia   #opkillingbay #seashepherd #helpcovedolphins #thecove  #helpcovedolphins,1,twitter-sentiment-analysis-hatred-speech
twitter-sentiment-analysis-hatred-speech_00015,ouch...junior is angryð#got7 #junior #yugyoem   #omg ,0,twitter-sentiment-analysis-hatred-speech
twitter-sentiment-analysis-hatred-speech_00016,i am thankful for having a paner. #thankful #positive     ,0,twitter-sentiment-analysis-hatred-speech
twitter-sentiment-analysis-hatred-speech_00017,retweet if you agree! ,1,twitter-sentiment-analysis-hatred-speech
twitter-sentiment-analysis-hatred-speech_00018,its #friday! ð smiles all around via ig user: @user #cookies make people   ,0,twitter-sentiment-analysis-hatred-speech
twitter-sentiment-analysis-hatred-speech_00019,"as we all know, essential oils are not made of chemicals. ",0,twitter-sentiment-analysis-hatred-speech
twitter-sentiment-analysis-hatred-speech_00020,#euro2016 people blaming ha for conceded goal was it fat rooney who gave away free kick knowing bale can hit them from there.  ,0,twitter-sentiment-analysis-hatred-speech
twitter-sentiment-analysis-hatred-speech_00021,sad little dude..   #badday #coneofshame #cats #pissed #funny #laughs ,0,twitter-sentiment-analysis-hatred-speech
twitter-sentiment-analysis-hatred-speech_00022,product of the day: happy man #wine tool  who's   it's the #weekend? time to open up &amp; drink up!,0,twitter-sentiment-analysis-hatred-speech
twitter-sentiment-analysis-hatred-speech_00023,@user @user lumpy says i am a . prove it lumpy.,1,twitter-sentiment-analysis-hatred-speech
twitter-sentiment-analysis-hatred-speech_00024, @user #tgif   #ff to my #gamedev #indiedev #indiegamedev #squad! @user @user @user @user @user,0,twitter-sentiment-analysis-hatred-speech
twitter-sentiment-analysis-hatred-speech_00025,beautiful sign by vendor 80 for $45.00!! #upsideofflorida #shopalyssas   #love ,0,twitter-sentiment-analysis-hatred-speech
twitter-sentiment-analysis-hatred-speech_00026, @user all #smiles when #media is   !! ðð #pressconference in #antalya #turkey ! sunday #throwback  love! ððâ¤ï¸ ,0,twitter-sentiment-analysis-hatred-speech
twitter-sentiment-analysis-hatred-speech_00027,we had a great panel on the mediatization of the public service   #ica16,0,twitter-sentiment-analysis-hatred-speech
twitter-sentiment-analysis-hatred-speech_00028,happy father's day @user ðððð  ,0,twitter-sentiment-analysis-hatred-speech
twitter-sentiment-analysis-hatred-speech_00029,50 people went to nightclub to have a good night and 1 man's actions means those people are lost to their families forever #rip#orlando,0,twitter-sentiment-analysis-hatred-speech
twitter-sentiment-analysis-hatred-speech_00030,i have never had a chance to vote for a presidential candidate i was excited about and this cycle looks to be no different.  ,0,twitter-sentiment-analysis-hatred-speech
twitter-sentiment-analysis-hatred-speech_00031,  #alohafriday #time does #not #exist #positivevibes #hawaiian @user @user @user @user ,0,twitter-sentiment-analysis-hatred-speech
twitter-sentiment-analysis-hatred-speech_00032," @user rip to the fellow nohern ireland fan who sadley passed away tonight!.. gawa, forever singing and cheering on fire  ",0,twitter-sentiment-analysis-hatred-speech
twitter-sentiment-analysis-hatred-speech_00033,it was a hard monday due to cloudy weather. disabling oxygen production for today. #goodnight #badmonday  ,0,twitter-sentiment-analysis-hatred-speech
twitter-sentiment-analysis-hatred-speech_00034,it's unbelievable that in the 21st century we'd need something like this. again. #neverump  #xenophobia ,1,twitter-sentiment-analysis-hatred-speech
twitter-sentiment-analysis-hatred-speech_00035,#taylorswift1989   bull up: you will dominate your bull and you will direct it whatever you want it to do. w ,0,twitter-sentiment-analysis-hatred-speech
twitter-sentiment-analysis-hatred-speech_00036,morning~~ #travelingram #dalat   #ripinkylife ,0,twitter-sentiment-analysis-hatred-speech
twitter-sentiment-analysis-hatred-speech_00037,@user once more only one word tells it all: #photoshop.  #enoughisenough #dontphotoshopeverything #wheresallthenaturalphotos  ,0,twitter-sentiment-analysis-hatred-speech
twitter-sentiment-analysis-hatred-speech_00038,"oh, #cedarpoint. waited 2 hours in the valravn line and it stopped working. we were so close.  ",0,twitter-sentiment-analysis-hatred-speech
twitter-sentiment-analysis-hatred-speech_00039,i am thankful for sunshine. #thankful #positive     ,0,twitter-sentiment-analysis-hatred-speech
twitter-sentiment-analysis-hatred-speech_00040,when you finally finish a book you've been working on for awhile...  #bookworm #ontothenextnovel ,0,twitter-sentiment-analysis-hatred-speech
twitter-sentiment-analysis-hatred-speech_00041,"yup, being a knicks fan is hard, so its easier to just be an nba fan when the playoffs roll around ð ",0,twitter-sentiment-analysis-hatred-speech
twitter-sentiment-analysis-hatred-speech_00042,there is life after social networking. embrace each day. be   ,0,twitter-sentiment-analysis-hatred-speech
twitter-sentiment-analysis-hatred-speech_00043,my mom shares the same bihday as @user   bihday snake! see you this weekend ðð¼,0,twitter-sentiment-analysis-hatred-speech
twitter-sentiment-analysis-hatred-speech_00044,lovely echeveria blooms#flowers #grow #gardening #iphonesia #bliss #blooms #basilicabotanica   ,0,twitter-sentiment-analysis-hatred-speech
twitter-sentiment-analysis-hatred-speech_00045,i am amazing. #i_am #positive #affirmation     ,0,twitter-sentiment-analysis-hatred-speech
twitter-sentiment-analysis-hatred-speech_00046,#model   i love u take with u all the time in urð±!!! ððððð¦ð¦ð¦  ,0,twitter-sentiment-analysis-hatred-speech
twitter-sentiment-analysis-hatred-speech_00047,#whenever im   and #something goes #wrong  |  ,0,twitter-sentiment-analysis-hatred-speech
twitter-sentiment-analysis-hatred-speech_00048,feeling blue #illustration   ,0,twitter-sentiment-analysis-hatred-speech
twitter-sentiment-analysis-hatred-speech_00049,the best pa about life is knowing who you are! ðâï¸ð¼ð»  â¦ ,0,twitter-sentiment-analysis-hatred-speech
twitter-sentiment-analysis-hatred-speech_00050,#abc2020 getting ready 2 remove the victums frm #pulseclub #prayfororlando  ,0,twitter-sentiment-analysis-hatred-speech
twitter-sentiment-analysis-hatred-speech_00051,for her #bihday we got her a #nose #job @user  ðð¶ððð    #bihday #petunia we love you ð ,0,twitter-sentiment-analysis-hatred-speech
twitter-sentiment-analysis-hatred-speech_00052,off to concelebrate at the #albanpilgrimage for the first time.   @user,0,twitter-sentiment-analysis-hatred-speech
twitter-sentiment-analysis-hatred-speech_00053, @user let the scum-baggery begin..... ,0,twitter-sentiment-analysis-hatred-speech
twitter-sentiment-analysis-hatred-speech_00054,"thank you! ðð super love it! â¤ï¸ zpamdelacruz   #wedding# @ dolores, capas tarlac. ",0,twitter-sentiment-analysis-hatred-speech
twitter-sentiment-analysis-hatred-speech_00055,a scourge on those playing baroque pieces on piano    beyond belief ,0,twitter-sentiment-analysis-hatred-speech
twitter-sentiment-analysis-hatred-speech_00056,@user lets fight against  #love #peace ,1,twitter-sentiment-analysis-hatred-speech
twitter-sentiment-analysis-hatred-speech_00057," happy fatherâs day, mr. rayos #video   #fathers #day #rayos #world #hotvideo #videos",0,twitter-sentiment-analysis-hatred-speech
twitter-sentiment-analysis-hatred-speech_00058, @user ascot times with this babe â¤ï¸â¤ï¸ #ascot #fashion #monochrome #style   #instahappyday ,0,twitter-sentiment-analysis-hatred-speech
twitter-sentiment-analysis-hatred-speech_00059,the weekend..is here!!ððððð #selfie   #yolo #xoxo #like4like ,0,twitter-sentiment-analysis-hatred-speech
twitter-sentiment-analysis-hatred-speech_00060,happy at work conference: right' mindset leads to culture-of-development organizations    #work #mindset,0,twitter-sentiment-analysis-hatred-speech
twitter-sentiment-analysis-hatred-speech_00061,christina grimmie's  last performance before being shot...  via @user #christinarip #voice #christinagrimmie  ,0,twitter-sentiment-analysis-hatred-speech
twitter-sentiment-analysis-hatred-speech_00062,we are ready to dance #roar #preschoolers   #students #proudâ¦ ,0,twitter-sentiment-analysis-hatred-speech
twitter-sentiment-analysis-hatred-speech_00063,you've really hu my feelings :(  ,0,twitter-sentiment-analysis-hatred-speech
twitter-sentiment-analysis-hatred-speech_00064,@user my wife whom i adore had to miss your poland show because she had surgery. her name is bridget &amp; she's my everything.  ,0,twitter-sentiment-analysis-hatred-speech
twitter-sentiment-analysis-hatred-speech_00065,@user i am so jealous of you right now.... #chatiado  ,0,twitter-sentiment-analysis-hatred-speech
twitter-sentiment-analysis-hatred-speech_00066,i celebrate every man that has played it's fatherly role.   father's day#,0,twitter-sentiment-analysis-hatred-speech
twitter-sentiment-analysis-hatred-speech_00067,i'm sure they are just as happy.... ðð½ðð½ðð½   hour  ,0,twitter-sentiment-analysis-hatred-speech
twitter-sentiment-analysis-hatred-speech_00068,ð©the white establishment can't have blk folx running around loving themselves and promoting our greatness  ,1,twitter-sentiment-analysis-hatred-speech
twitter-sentiment-analysis-hatred-speech_00069,good morning! the journey begins! ððð»ð³   #travel #yeah #thejourneybegins #helloâ¦ ,0,twitter-sentiment-analysis-hatred-speech
twitter-sentiment-analysis-hatred-speech_00070, @user # if you #luv #hottweets like this from â¶ â¥#venusexchangeâ¥ ,0,twitter-sentiment-analysis-hatred-speech
twitter-sentiment-analysis-hatred-speech_00071,our new brochures have arrived! how exciting!! #aworks #solutions   ,0,twitter-sentiment-analysis-hatred-speech
twitter-sentiment-analysis-hatred-speech_00072,so much stuff happening in florida! first #orlando shooting and now #disneygatorattack on a two year old kidð¥ð  ,0,twitter-sentiment-analysis-hatred-speech
twitter-sentiment-analysis-hatred-speech_00073,"@user ferrari will do itðªð¼ for the sake of the championship. this gp is clearly a turning point rb, ferrari,mercs...ð  ",0,twitter-sentiment-analysis-hatred-speech
twitter-sentiment-analysis-hatred-speech_00074,aced my first test!   #proud ,0,twitter-sentiment-analysis-hatred-speech
twitter-sentiment-analysis-hatred-speech_00075,"  seeks probe into #udtapunjab' leak, points finger at #amarinder, #aap  ",0,twitter-sentiment-analysis-hatred-speech
twitter-sentiment-analysis-hatred-speech_00076,@user wrapping up #senseaboutmaths @user 6th   @user @user @user ,0,twitter-sentiment-analysis-hatred-speech
twitter-sentiment-analysis-hatred-speech_00077,"@user hey, white people: you can call people 'white' by @user  #race  #identity #medâ¦",1,twitter-sentiment-analysis-hatred-speech
twitter-sentiment-analysis-hatred-speech_00078,@user @user you might be. just have not shown here today. regurgitated talking points and name calling?  ,0,twitter-sentiment-analysis-hatred-speech
twitter-sentiment-analysis-hatred-speech_00079,sometimes you have to raise a few brows to raise the bar. #golfstrengthandconditioning   #strong #felixfoisgolf,0,twitter-sentiment-analysis-hatred-speech
twitter-sentiment-analysis-hatred-speech_00080,  about that ððð #greathonour #careerconvos @user @user ,0,twitter-sentiment-analysis-hatred-speech
twitter-sentiment-analysis-hatred-speech_00081, @user designing #innovative learning space @user to include #wateringhole #cave #mountaintop #campfire @user   hâ¦,0,twitter-sentiment-analysis-hatred-speech
twitter-sentiment-analysis-hatred-speech_00082,how the #altright uses  &amp; insecurity to lure men into #whitesupremacy    ,1,twitter-sentiment-analysis-hatred-speech
twitter-sentiment-analysis-hatred-speech_00083,carrying a gun wouldn't of helped if you can't take it in with you. gun control won't stop the black market! terrorism will get worse!  ,0,twitter-sentiment-analysis-hatred-speech
twitter-sentiment-analysis-hatred-speech_00084,use the power of your mind to #heal your body!! -     #altwaystoheal #healthy   #peace! ,0,twitter-sentiment-analysis-hatred-speech
twitter-sentiment-analysis-hatred-speech_00085,woohoo!! just over 5 weeks to go!   ,0,twitter-sentiment-analysis-hatred-speech
twitter-sentiment-analysis-hatred-speech_00086,being in a far away place where you have no family members hus  ,0,twitter-sentiment-analysis-hatred-speech
twitter-sentiment-analysis-hatred-speech_00087,"ready to rehearse tonight with new music and new videos, look out for the announcement! #midweek #newmusic #watchthisspace #guitar  ",0,twitter-sentiment-analysis-hatred-speech
twitter-sentiment-analysis-hatred-speech_00088,now on monday nights at 8pm on #up channel!!!! i finally get to see what all the fuss is about!!!   ,0,twitter-sentiment-analysis-hatred-speech
twitter-sentiment-analysis-hatred-speech_00089,watching the new episodes of @user on @user  ,0,twitter-sentiment-analysis-hatred-speech
twitter-sentiment-analysis-hatred-speech_00090, @user offline now after a very nice and long night.. ð #snapchat @user   #redhead #vermillionred ,0,twitter-sentiment-analysis-hatred-speech
twitter-sentiment-analysis-hatred-speech_00091, 15 things incredibly   #people do ,0,twitter-sentiment-analysis-hatred-speech
twitter-sentiment-analysis-hatred-speech_00092,yes! received my acceptance letter for my masters so will be back at @user again in october!    #goodtimes #history,0,twitter-sentiment-analysis-hatred-speech
twitter-sentiment-analysis-hatred-speech_00093,"daughter riding her bike around driveway, son playing his guitar for us while we enjoy ðº by the campfire... #summeime   #memories",0,twitter-sentiment-analysis-hatred-speech
twitter-sentiment-analysis-hatred-speech_00094,omg!!! loving this station!!! way to jam out at work!!! while getting work done of course!!!!   #memories @user ,0,twitter-sentiment-analysis-hatred-speech
twitter-sentiment-analysis-hatred-speech_00095,"@user i'll always hope that one day i'll get to hug you, but i don't think that it's gonna happen anytime soon... ",0,twitter-sentiment-analysis-hatred-speech
twitter-sentiment-analysis-hatred-speech_00096,#model   i love u take with u all the time in urð±!!! ððððð¦ð¦ð¦  ,0,twitter-sentiment-analysis-hatred-speech
twitter-sentiment-analysis-hatred-speech_00097,  couple having sex fat naked japanese girls  ,0,twitter-sentiment-analysis-hatred-speech
twitter-sentiment-analysis-hatred-speech_00098,"#hump on that    #hump day #humpersð© @ edwardsville, pennsylvania ",0,twitter-sentiment-analysis-hatred-speech
twitter-sentiment-analysis-hatred-speech_00099,personalised we... gbp 7.99 get here:  #shop #cool   #home #fun ,0,twitter-sentiment-analysis-hatred-speech
youtube-comments-spam-dataset_00000,LZQPQhLyRh80UYxNuaDWhIGQYNQ96IuCg-AYWqNPjpU,1,youtube-comments-spam-dataset
youtube-comments-spam-dataset_00001,LZQPQhLyRh_C2cTtd9MvFRJedxydaVW-2sNg5Diuo4A,1,youtube-comments-spam-dataset
youtube-comments-spam-dataset_00002,LZQPQhLyRh9MSZYnf8djyk0gEF9BHDPYrrK-qCczIY8,1,youtube-comments-spam-dataset
youtube-comments-spam-dataset_00003,z13jhp0bxqncu512g22wvzkasxmvvzjaz04,1,youtube-comments-spam-dataset
youtube-comments-spam-dataset_00004,z13fwbwp1oujthgqj04chlngpvzmtt3r3dw,1,youtube-comments-spam-dataset
youtube-comments-spam-dataset_00005,LZQPQhLyRh9-wNRtlZDM90f1k0BrdVdJyN_YsaSwfxc,1,youtube-comments-spam-dataset
youtube-comments-spam-dataset_00006,z13lfzdo5vmdi1cm123te5uz2mqig1brz04,1,youtube-comments-spam-dataset
youtube-comments-spam-dataset_00007,z122wfnzgt30fhubn04cdn3xfx2mxzngsl40k,0,youtube-comments-spam-dataset
youtube-comments-spam-dataset_00008,z13ttt1jcraqexk2o234ghbgzxymz1zzi04,1,youtube-comments-spam-dataset
youtube-comments-spam-dataset_00009,z12avveb4xqiirsix04chxviiljryduwxg0,1,youtube-comments-spam-dataset
youtube-comments-spam-dataset_00010,z13auhww3oufjn1qo04ci3grqqjmfjexxuo0k,1,youtube-comments-spam-dataset
youtube-comments-spam-dataset_00011,z13xit5agm2zyh4f523rst2gowmbx5bml,1,youtube-comments-spam-dataset
youtube-comments-spam-dataset_00012,z13pejoiuozwxtdu323dspopnri4xts0f,1,youtube-comments-spam-dataset
youtube-comments-spam-dataset_00013,z121zxaxsq25z5k5o04ch1o5jqqfij3gtm40k,1,youtube-comments-spam-dataset
youtube-comments-spam-dataset_00014,z12oglnpoq3gjh4om04cfdlbgp2uepyytpw0k,1,youtube-comments-spam-dataset
youtube-comments-spam-dataset_00015,z13phrmwrkfisn5er22eyrbpbvaiwfvwf04,1,youtube-comments-spam-dataset
youtube-comments-spam-dataset_00016,z13bgdvyluihfv11i22rgxwhuvabzz1os04,0,youtube-comments-spam-dataset
youtube-comments-spam-dataset_00017,z13vxpnoxsyeuv2jr04cctprprb1slnxdf4,1,youtube-comments-spam-dataset
youtube-comments-spam-dataset_00018,z12qth5j0ob1fx3q404chvy4fz32tbkpllk0k,1,youtube-comments-spam-dataset
youtube-comments-spam-dataset_00019,z13etj0bclzfztuwc04cgfvrgmf3fvjor1g,1,youtube-comments-spam-dataset
youtube-comments-spam-dataset_00020,z12axnji5w2axxht522thb3bktvqjdlbp04,0,youtube-comments-spam-dataset
youtube-comments-spam-dataset_00021,z13ozdmr4lf3uzc5z04cix2zkyjzgvcyemw0k,1,youtube-comments-spam-dataset
youtube-comments-spam-dataset_00022,z12ohdxjtsatvppjb04cctprprb1slnxdf4,1,youtube-comments-spam-dataset
youtube-comments-spam-dataset_00023,z12ntlcqht2bvjewi04cf1up0xjvs5lq3mc0k,0,youtube-comments-spam-dataset
youtube-comments-spam-dataset_00024,LZQPQhLyRh9EXArr4ZnVcDonSbvSMHKYOT24e_qR6fE,1,youtube-comments-spam-dataset
youtube-comments-spam-dataset_00025,LZQPQhLyRh9y57URF7qpZRk3MVAJNLNhhZga_5YWBU8,1,youtube-comments-spam-dataset
youtube-comments-spam-dataset_00026,LZQPQhLyRh9vw01Xvvw5yWzZEUOPG1hSgRMHep55-Yw,1,youtube-comments-spam-dataset
youtube-comments-spam-dataset_00027,z13kszcinpnvc34v2234fnpxkpmlw3nhc04,1,youtube-comments-spam-dataset
youtube-comments-spam-dataset_00028,z13tj514otzlurfbc04ccjwhrnmej1iihqw0k,0,youtube-comments-spam-dataset
youtube-comments-spam-dataset_00029,z13zvh1rmk3cf3mby04civbq5mjtddmbysk0k,1,youtube-comments-spam-dataset
youtube-comments-spam-dataset_00030,z120y3ribybzdf3fj23sf1rpgq3cex0sh,1,youtube-comments-spam-dataset
youtube-comments-spam-dataset_00031,z13autsqgzblcx3w104chr4r2kexd10rxc0,0,youtube-comments-spam-dataset
youtube-comments-spam-dataset_00032,z12wvpxppxz3ifk3j224cbsgqraherzrg04,1,youtube-comments-spam-dataset
youtube-comments-spam-dataset_00033,z121e3zq5kj3ip2ch22ks3vwekuaibrgc04,1,youtube-comments-spam-dataset
youtube-comments-spam-dataset_00034,z13kxpqqssa0hlryd04cc1dxeyyngljjngk,0,youtube-comments-spam-dataset
youtube-comments-spam-dataset_00035,z13iuzxwamqhzppyp04cdz1amyzpfdnpdns0k,0,youtube-comments-spam-dataset
youtube-comments-spam-dataset_00036,z12txle43yfhvt0f323eghbxivmuytieq,1,youtube-comments-spam-dataset
youtube-comments-spam-dataset_00037,z13zj1grjzqhhxzlj23gdpzaovunwnn0f,1,youtube-comments-spam-dataset
youtube-comments-spam-dataset_00038,z13csdop4venytrru04cf11q1wmbdvkrfpo0k,1,youtube-comments-spam-dataset
youtube-comments-spam-dataset_00039,z13ce52jzwfitrkup23din4ojputijen3,1,youtube-comments-spam-dataset
youtube-comments-spam-dataset_00040,z13phfyxhovav1hl122bf5iidumufzbel,1,youtube-comments-spam-dataset
youtube-comments-spam-dataset_00041,z13xytyybsypw34yv04cc33xkke1grugh2w,1,youtube-comments-spam-dataset
youtube-comments-spam-dataset_00042,z13vsbcjwrybe3hsf23sgvnxfr3zxnion04,1,youtube-comments-spam-dataset
youtube-comments-spam-dataset_00043,z12jvnua2tifirkvk23cfjtpxwmgxfch004,1,youtube-comments-spam-dataset
youtube-comments-spam-dataset_00044,z13stv3brxe1snv2i225fnvganneudej004,1,youtube-comments-spam-dataset
youtube-comments-spam-dataset_00045,z12ktfsarrv0wdj3p22ifbxz3zn2fthhw04,1,youtube-comments-spam-dataset
youtube-comments-spam-dataset_00046,z121znjjloycwtjf2233dfo5esfggn3lj,0,youtube-comments-spam-dataset
youtube-comments-spam-dataset_00047,z125zbmwryjwxzx4504cfjzwbtztuvkif3c,1,youtube-comments-spam-dataset
youtube-comments-spam-dataset_00048,z12stpyqaonsercxw04cjbr4dlnrxd34soo0k,0,youtube-comments-spam-dataset
youtube-comments-spam-dataset_00049,z13nvr2xayrwffsio04cj3zwyuf3vb1imdg,0,youtube-comments-spam-dataset
youtube-comments-spam-dataset_00050,z13uzhdomzvbffvwa04cgplq2zewfz2hm2k,1,youtube-comments-spam-dataset
youtube-comments-spam-dataset_00051,z13ucxa51rnftvu2j22if5oihq2qipjlp,0,youtube-comments-spam-dataset
youtube-comments-spam-dataset_00052,z120grixiomvyvbga04cfl24csz5jf4zzuc0k,0,youtube-comments-spam-dataset
youtube-comments-spam-dataset_00053,z13gevgohyzktbztz22mcrcpntfxvpvan04,1,youtube-comments-spam-dataset
youtube-comments-spam-dataset_00054,z12gy5tb2kase1nix04cipry3mf1wh5grko0k,1,youtube-comments-spam-dataset
youtube-comments-spam-dataset_00055,z13hxl3yoqmlvdlnu23atlqgsoyevlsse,1,youtube-comments-spam-dataset
youtube-comments-spam-dataset_00056,z12gv5qoconqsbe0h221wljgmwe4v1nmu,1,youtube-comments-spam-dataset
youtube-comments-spam-dataset_00057,z13eepr4dyjet34pt04cgr1rctvwsvqwqso0k,1,youtube-comments-spam-dataset
youtube-comments-spam-dataset_00058,z121st5w5k3ui1veg22zirn4gkr5tby2v,1,youtube-comments-spam-dataset
youtube-comments-spam-dataset_00059,z13osnp4hnzry1o15224yfzbotr0epxqk04,1,youtube-comments-spam-dataset
youtube-comments-spam-dataset_00060,z12rgllzmwnfuba4h04ch3njgy2fg3ryerg0k,0,youtube-comments-spam-dataset
youtube-comments-spam-dataset_00061,z12rc1ebfvrmufz5w04ccl2pmt3ih5dymq40k,0,youtube-comments-spam-dataset
youtube-comments-spam-dataset_00062,z13mcpkzpoz1hj3o304cfd3oouf2tj1rnk40k,0,youtube-comments-spam-dataset
youtube-comments-spam-dataset_00063,z121cnnzhsybzjkt122nsviacsekvvt1r,0,youtube-comments-spam-dataset
youtube-comments-spam-dataset_00064,z125gx4g5wemgtyvr23ryvlrbxjvwl2mi,0,youtube-comments-spam-dataset
youtube-comments-spam-dataset_00065,z12lzbu4iymmvjgj004cdjaonunljbjwwo00k,0,youtube-comments-spam-dataset
youtube-comments-spam-dataset_00066,z13kvvkixzvadn5ii04chnnbsvn3w1pq5dk,0,youtube-comments-spam-dataset
youtube-comments-spam-dataset_00067,z13zz3cjwmztcni0p23ug3vb0pasfvzqc04,0,youtube-comments-spam-dataset
youtube-comments-spam-dataset_00068,z12ifxrbkmaechwtt22jwryqmoaefhipf04,0,youtube-comments-spam-dataset
youtube-comments-spam-dataset_00069,LZQPQhLyRh_hbykd_Xw4oDROJbJTFrs-UbSB2xk8gRk,0,youtube-comments-spam-dataset
youtube-comments-spam-dataset_00070,LZQPQhLyRh9U7Lv_DKpJ7lawpBCotxfgHzBy93Tk028,0,youtube-comments-spam-dataset
youtube-comments-spam-dataset_00071,z12eexphzo2uslizg04cirmywyzjdnm5gqc0k,1,youtube-comments-spam-dataset
youtube-comments-spam-dataset_00072,z124fn5ahqnfdbxtg23ihlijyqjqtr1lk,1,youtube-comments-spam-dataset
youtube-comments-spam-dataset_00073,z12lubwrvv35zpzub23ywxbbiuawjbalc,1,youtube-comments-spam-dataset
youtube-comments-spam-dataset_00074,z13osfxhtkfmwpxue234z3wimzmcs1k2x,1,youtube-comments-spam-dataset
youtube-comments-spam-dataset_00075,z12tcdxa5k3bsvtqh04ccnaqusj1vvfju3s,1,youtube-comments-spam-dataset
youtube-comments-spam-dataset_00076,z13gsp34uumcdje4q04civk54zr4wr0gxjc,1,youtube-comments-spam-dataset
youtube-comments-spam-dataset_00077,z123e1gg3zyuf30ox04cdtbzgmaby3ehjc0,1,youtube-comments-spam-dataset
youtube-comments-spam-dataset_00078,z13ezz5zsz3pyhyip04cibtpwwbdejzrmlk0k,1,youtube-comments-spam-dataset
youtube-comments-spam-dataset_00079,z12ywjvgdtrhxdlz504cd1tquqvuhbs4abw,1,youtube-comments-spam-dataset
youtube-comments-spam-dataset_00080,z122f1fy5muwdxdxd04cexyxes3hh5hrifc,1,youtube-comments-spam-dataset
youtube-comments-spam-dataset_00081,z12jud4o3n34v5wph04ce3db0y2njn55gog0k,0,youtube-comments-spam-dataset
youtube-comments-spam-dataset_00082,z12xxjkwevvjzvvms22xz3sjqovty3qip04,0,youtube-comments-spam-dataset
youtube-comments-spam-dataset_00083,z13ydfww3ruysvtmv23muhspwqqjszwjc04,1,youtube-comments-spam-dataset
youtube-comments-spam-dataset_00084,z13vs53zipmszf1ib04cerd5xlmzdz5qlzw0k,1,youtube-comments-spam-dataset
youtube-comments-spam-dataset_00085,z13wzt5yezvhsboz104cjlkqalz0fpcglmk0k,0,youtube-comments-spam-dataset
youtube-comments-spam-dataset_00086,z135fnx4ntvdx1rzn04cih1ihmqtsrbzcno0k,1,youtube-comments-spam-dataset
youtube-comments-spam-dataset_00087,z13dztbi0nnvdruas04cjrmjwrnvvd4jxjw,0,youtube-comments-spam-dataset
youtube-comments-spam-dataset_00088,z13hgfzhnrj3sx0m222sfbo4drq1e5xyp04,1,youtube-comments-spam-dataset
youtube-comments-spam-dataset_00089,z12pzpvbfl2igbwhe04cihtpuwymvr5gvsg0k,0,youtube-comments-spam-dataset
youtube-comments-spam-dataset_00090,z12wvpdwfzzkfrerq04civhigpqrcxmxjzc0k,1,youtube-comments-spam-dataset
youtube-comments-spam-dataset_00091,z13tdv5jmlfpzj1rf04cd3ng4ljqjngxflg0k,1,youtube-comments-spam-dataset
youtube-comments-spam-dataset_00092,z12ufn5puwnve3b2k22ntjqogym0fllgb04,1,youtube-comments-spam-dataset
youtube-comments-spam-dataset_00093,z13xslra3myri3jsn22hs1wxbyuvxplr004,1,youtube-comments-spam-dataset
youtube-comments-spam-dataset_00094,z132v5iajkjuhfkyn04cg3mxclnnzj0yxmo0k,0,youtube-comments-spam-dataset
youtube-comments-spam-dataset_00095,z12mtx5hxnutsxzfn23tsljjrm2mwxtwm04,1,youtube-comments-spam-dataset
youtube-comments-spam-dataset_00096,z121ft552pzpzhiab04cffmwitfii3lr5v40k,1,youtube-comments-spam-dataset
youtube-comments-spam-dataset_00097,z135jnejqyylxvxc323tifugxr3idl1oq04,1,youtube-comments-spam-dataset
youtube-comments-spam-dataset_00098,z13zfpqpvpyvwfymk232ux4odsr1s5wm0,1,youtube-comments-spam-dataset
youtube-comments-spam-dataset_00099,z13sx1mitrmpcls3f22hi5ep1yq5cvmld,1,youtube-comments-spam-dataset
